Date,Count,Tickers,Names
2024-07-29,10,AAPL|AMZN|AVGO|COST|GOOG|GOOGL|META|MSFT|NVDA|TSLA,"APPLE INC.|AMAZON.COM INC|BROADCOM INC.|COSTCO WHOLESALE|ALPHABET CL C CAP|ALPHABET CL A CMN|META PLATFORMS, INC.|MICROSOFT CORP|NVIDIA CORPORATION|TESLA, INC."
2024-07-30,10,AAPL|AMZN|AVGO|COST|GOOG|GOOGL|META|MSFT|NVDA|TSLA,"APPLE INC.|AMAZON.COM INC|BROADCOM INC.|COSTCO WHOLESALE|ALPHABET CL C CAP|ALPHABET CL A CMN|META PLATFORMS, INC.|MICROSOFT CORP|NVIDIA CORPORATION|TESLA, INC."
2024-07-31,10,AAPL|AMZN|AVGO|COST|GOOG|GOOGL|META|MSFT|NVDA|TSLA,"APPLE INC.|AMAZON.COM INC|BROADCOM INC.|COSTCO WHOLESALE|ALPHABET CL C CAP|ALPHABET CL A CMN|META PLATFORMS, INC.|MICROSOFT CORP|NVIDIA CORPORATION|TESLA, INC."
2024-08-01,10,AAPL|AMZN|AVGO|COST|GOOG|GOOGL|META|MSFT|NVDA|TSLA,"APPLE INC.|AMAZON.COM INC|BROADCOM INC.|COSTCO WHOLESALE|ALPHABET CL C CAP|ALPHABET CL A CMN|META PLATFORMS, INC.|MICROSOFT CORP|NVIDIA CORPORATION|TESLA, INC."
2024-08-02,10,AAPL|AMZN|AVGO|COST|GOOG|GOOGL|META|MSFT|NVDA|TSLA,"APPLE INC.|AMAZON.COM INC|BROADCOM INC.|COSTCO WHOLESALE|ALPHABET CL C CAP|ALPHABET CL A CMN|META PLATFORMS, INC.|MICROSOFT CORP|NVIDIA CORPORATION|TESLA, INC."
2024-08-05,10,AAPL|AMZN|AVGO|COST|GOOG|GOOGL|META|MSFT|NVDA|TSLA,"APPLE INC.|AMAZON.COM INC|BROADCOM INC.|COSTCO WHOLESALE|ALPHABET CL C CAP|ALPHABET CL A CMN|META PLATFORMS, INC.|MICROSOFT CORP|NVIDIA CORPORATION|TESLA, INC."
2024-08-06,10,AAPL|AMZN|AVGO|COST|GOOG|GOOGL|META|MSFT|NVDA|TSLA,"APPLE INC.|AMAZON.COM INC|BROADCOM INC.|COSTCO WHOLESALE|ALPHABET CL C CAP|ALPHABET CL A CMN|META PLATFORMS, INC.|MICROSOFT CORP|NVIDIA CORPORATION|TESLA, INC."
2024-08-07,10,AAPL|AMZN|AVGO|COST|GOOG|GOOGL|META|MSFT|NVDA|TSLA,"APPLE INC.|AMAZON.COM INC|BROADCOM INC.|COSTCO WHOLESALE|ALPHABET CL C CAP|ALPHABET CL A CMN|META PLATFORMS, INC.|MICROSOFT CORP|NVIDIA CORPORATION|TESLA, INC."
2024-08-08,10,AAPL|AMZN|AVGO|COST|GOOG|GOOGL|META|MSFT|NVDA|TSLA,"APPLE INC.|AMAZON.COM INC|BROADCOM INC.|COSTCO WHOLESALE|ALPHABET CL C CAP|ALPHABET CL A CMN|META PLATFORMS, INC.|MICROSOFT CORP|NVIDIA CORPORATION|TESLA, INC."
2024-08-09,10,AAPL|AMZN|AVGO|COST|GOOG|GOOGL|META|MSFT|NVDA|TSLA,"APPLE INC.|AMAZON.COM INC|BROADCOM INC.|COSTCO WHOLESALE|ALPHABET CL C CAP|ALPHABET CL A CMN|META PLATFORMS, INC.|MICROSOFT CORP|NVIDIA CORPORATION|TESLA, INC."
2024-08-12,10,AAPL|AMZN|AVGO|COST|GOOG|GOOGL|META|MSFT|NVDA|TSLA,"APPLE INC.|AMAZON.COM INC|BROADCOM INC.|COSTCO WHOLESALE|ALPHABET CL C CAP|ALPHABET CL A CMN|META PLATFORMS, INC.|MICROSOFT CORP|NVIDIA CORPORATION|TESLA, INC."
2024-08-13,10,AAPL|AMZN|AVGO|COST|GOOG|GOOGL|META|MSFT|NVDA|TSLA,"APPLE INC.|AMAZON.COM INC|BROADCOM INC.|COSTCO WHOLESALE|ALPHABET CL C CAP|ALPHABET CL A CMN|META PLATFORMS, INC.|MICROSOFT CORP|NVIDIA CORPORATION|TESLA, INC."
2024-08-14,10,AAPL|AMZN|AVGO|COST|GOOG|GOOGL|META|MSFT|NVDA|TSLA,"APPLE INC.|AMAZON.COM INC|BROADCOM INC.|COSTCO WHOLESALE|ALPHABET CL C CAP|ALPHABET CL A CMN|META PLATFORMS, INC.|MICROSOFT CORP|NVIDIA CORPORATION|TESLA, INC."
2024-08-15,10,AAPL|AMZN|AVGO|COST|GOOG|GOOGL|META|MSFT|NVDA|TSLA,"APPLE INC.|AMAZON.COM INC|BROADCOM INC.|COSTCO WHOLESALE|ALPHABET CL C CAP|ALPHABET CL A CMN|META PLATFORMS, INC.|MICROSOFT CORP|NVIDIA CORPORATION|TESLA, INC."
2024-08-16,10,AAPL|AMZN|AVGO|COST|GOOG|GOOGL|META|MSFT|NVDA|TSLA,"APPLE INC.|AMAZON.COM INC|BROADCOM INC.|COSTCO WHOLESALE|ALPHABET CL C CAP|ALPHABET CL A CMN|META PLATFORMS, INC.|MICROSOFT CORP|NVIDIA CORPORATION|TESLA, INC."
2024-08-19,10,AAPL|AMZN|AVGO|COST|GOOG|GOOGL|META|MSFT|NVDA|TSLA,"APPLE INC.|AMAZON.COM INC|BROADCOM INC.|COSTCO WHOLESALE|ALPHABET CL C CAP|ALPHABET CL A CMN|META PLATFORMS, INC.|MICROSOFT CORP|NVIDIA CORPORATION|TESLA, INC."
2024-08-20,10,AAPL|AMZN|AVGO|COST|GOOG|GOOGL|META|MSFT|NVDA|TSLA,"APPLE INC.|AMAZON.COM INC|BROADCOM INC.|COSTCO WHOLESALE|ALPHABET CL C CAP|ALPHABET CL A CMN|META PLATFORMS, INC.|MICROSOFT CORP|NVIDIA CORPORATION|TESLA, INC."
2024-08-21,10,AAPL|AMZN|AVGO|COST|GOOG|GOOGL|META|MSFT|NVDA|TSLA,"APPLE INC.|AMAZON.COM INC|BROADCOM INC.|COSTCO WHOLESALE|ALPHABET CL C CAP|ALPHABET CL A CMN|META PLATFORMS, INC.|MICROSOFT CORP|NVIDIA CORPORATION|TESLA, INC."
2024-08-22,10,AAPL|AMZN|AVGO|COST|GOOG|GOOGL|META|MSFT|NVDA|TSLA,"APPLE INC.|AMAZON.COM INC|BROADCOM INC.|COSTCO WHOLESALE|ALPHABET CL C CAP|ALPHABET CL A CMN|META PLATFORMS, INC.|MICROSOFT CORP|NVIDIA CORPORATION|TESLA, INC."
2024-08-23,10,AAPL|AMZN|AVGO|COST|GOOG|GOOGL|META|MSFT|NVDA|TSLA,"APPLE INC.|AMAZON.COM INC|BROADCOM INC.|COSTCO WHOLESALE|ALPHABET CL C CAP|ALPHABET CL A CMN|META PLATFORMS, INC.|MICROSOFT CORP|NVIDIA CORPORATION|TESLA, INC."
2024-08-26,10,AAPL|AMZN|AVGO|COST|GOOG|GOOGL|META|MSFT|NVDA|TSLA,"APPLE INC.|AMAZON.COM INC|BROADCOM INC.|COSTCO WHOLESALE|ALPHABET CL C CAP|ALPHABET CL A CMN|META PLATFORMS, INC.|MICROSOFT CORP|NVIDIA CORPORATION|TESLA, INC."
2024-08-27,10,AAPL|AMZN|AVGO|COST|GOOG|GOOGL|META|MSFT|NVDA|TSLA,"APPLE INC.|AMAZON.COM INC|BROADCOM INC.|COSTCO WHOLESALE|ALPHABET CL C CAP|ALPHABET CL A CMN|META PLATFORMS, INC.|MICROSOFT CORP|NVIDIA CORPORATION|TESLA, INC."
2024-08-28,10,AAPL|AMZN|AVGO|COST|GOOG|GOOGL|META|MSFT|NVDA|TSLA,"APPLE INC.|AMAZON.COM INC|BROADCOM INC.|COSTCO WHOLESALE|ALPHABET CL C CAP|ALPHABET CL A CMN|META PLATFORMS, INC.|MICROSOFT CORP|NVIDIA CORPORATION|TESLA, INC."
2024-08-29,10,AAPL|AMZN|AVGO|COST|GOOG|GOOGL|META|MSFT|NVDA|TSLA,"APPLE INC.|AMAZON.COM INC|BROADCOM INC.|COSTCO WHOLESALE|ALPHABET CL C CAP|ALPHABET CL A CMN|META PLATFORMS, INC.|MICROSOFT CORP|NVIDIA CORPORATION|TESLA, INC."
2024-08-30,10,AAPL|AMZN|AVGO|COST|GOOG|GOOGL|META|MSFT|NVDA|TSLA,"APPLE INC.|AMAZON.COM INC|BROADCOM INC.|COSTCO WHOLESALE|ALPHABET CL C CAP|ALPHABET CL A CMN|META PLATFORMS, INC.|MICROSOFT CORP|NVIDIA CORPORATION|TESLA, INC."
2024-09-03,10,AAPL|AMZN|AVGO|COST|GOOG|GOOGL|META|MSFT|NVDA|TSLA,"APPLE INC.|AMAZON.COM INC|BROADCOM INC.|COSTCO WHOLESALE|ALPHABET CL C CAP|ALPHABET CL A CMN|META PLATFORMS, INC.|MICROSOFT CORP|NVIDIA CORPORATION|TESLA, INC."
2024-09-04,10,AAPL|AMZN|AVGO|COST|GOOG|GOOGL|META|MSFT|NVDA|TSLA,"APPLE INC.|AMAZON.COM INC|BROADCOM INC.|COSTCO WHOLESALE|ALPHABET CL C CAP|ALPHABET CL A CMN|META PLATFORMS, INC.|MICROSOFT CORP|NVIDIA CORPORATION|TESLA, INC."
2024-09-05,10,AAPL|AMZN|AVGO|COST|GOOG|GOOGL|META|MSFT|NVDA|TSLA,"APPLE INC.|AMAZON.COM INC|BROADCOM INC.|COSTCO WHOLESALE|ALPHABET CL C CAP|ALPHABET CL A CMN|META PLATFORMS, INC.|MICROSOFT CORP|NVIDIA CORPORATION|TESLA, INC."
2024-09-06,10,AAPL|AMZN|AVGO|COST|GOOG|GOOGL|META|MSFT|NVDA|TSLA,"APPLE INC.|AMAZON.COM INC|BROADCOM INC.|COSTCO WHOLESALE|ALPHABET CL C CAP|ALPHABET CL A CMN|META PLATFORMS, INC.|MICROSOFT CORP|NVIDIA CORPORATION|TESLA, INC."
2024-09-09,10,AAPL|AMZN|AVGO|COST|GOOG|GOOGL|META|MSFT|NVDA|TSLA,"APPLE INC.|AMAZON.COM INC|BROADCOM INC.|COSTCO WHOLESALE|ALPHABET CL C CAP|ALPHABET CL A CMN|META PLATFORMS, INC.|MICROSOFT CORP|NVIDIA CORPORATION|TESLA, INC."
2024-09-10,10,AAPL|AMZN|AVGO|COST|GOOG|GOOGL|META|MSFT|NVDA|TSLA,"APPLE INC.|AMAZON.COM INC|BROADCOM INC.|COSTCO WHOLESALE|ALPHABET CL C CAP|ALPHABET CL A CMN|META PLATFORMS, INC.|MICROSOFT CORP|NVIDIA CORPORATION|TESLA, INC."
2024-09-11,10,AAPL|AMZN|AVGO|COST|GOOG|GOOGL|META|MSFT|NVDA|TSLA,"APPLE INC.|AMAZON.COM INC|BROADCOM INC.|COSTCO WHOLESALE|ALPHABET CL C CAP|ALPHABET CL A CMN|META PLATFORMS, INC.|MICROSOFT CORP|NVIDIA CORPORATION|TESLA, INC."
2024-09-12,10,AAPL|AMZN|AVGO|COST|GOOG|GOOGL|META|MSFT|NVDA|TSLA,"APPLE INC.|AMAZON.COM INC|BROADCOM INC.|COSTCO WHOLESALE|ALPHABET CL C CAP|ALPHABET CL A CMN|META PLATFORMS, INC.|MICROSOFT CORP|NVIDIA CORPORATION|TESLA, INC."
2024-09-13,10,AAPL|AMZN|AVGO|COST|GOOG|GOOGL|META|MSFT|NVDA|TSLA,"APPLE INC.|AMAZON.COM INC|BROADCOM INC.|COSTCO WHOLESALE|ALPHABET CL C CAP|ALPHABET CL A CMN|META PLATFORMS, INC.|MICROSOFT CORP|NVIDIA CORPORATION|TESLA, INC."
2024-09-16,10,AAPL|AMZN|AVGO|COST|GOOG|GOOGL|META|MSFT|NVDA|TSLA,"APPLE INC.|AMAZON.COM INC|BROADCOM INC.|COSTCO WHOLESALE|ALPHABET CL C CAP|ALPHABET CL A CMN|META PLATFORMS, INC.|MICROSOFT CORP|NVIDIA CORPORATION|TESLA, INC."
2024-09-17,10,AAPL|AMZN|AVGO|COST|GOOG|GOOGL|META|MSFT|NVDA|TSLA,"APPLE INC.|AMAZON.COM INC|BROADCOM INC.|COSTCO WHOLESALE|ALPHABET CL C CAP|ALPHABET CL A CMN|META PLATFORMS, INC.|MICROSOFT CORP|NVIDIA CORPORATION|TESLA, INC."
2024-09-18,10,AAPL|AMZN|AVGO|COST|GOOG|GOOGL|META|MSFT|NVDA|TSLA,"APPLE INC.|AMAZON.COM INC|BROADCOM INC.|COSTCO WHOLESALE|ALPHABET CL C CAP|ALPHABET CL A CMN|META PLATFORMS, INC.|MICROSOFT CORP|NVIDIA CORPORATION|TESLA, INC."
2024-09-19,10,AAPL|AMZN|AVGO|COST|GOOG|GOOGL|META|MSFT|NVDA|TSLA,"APPLE INC.|AMAZON.COM INC|BROADCOM INC.|COSTCO WHOLESALE|ALPHABET CL C CAP|ALPHABET CL A CMN|META PLATFORMS, INC.|MICROSOFT CORP|NVIDIA CORPORATION|TESLA, INC."
2024-09-20,10,AAPL|AMZN|AVGO|COST|GOOG|GOOGL|META|MSFT|NVDA|TSLA,"APPLE INC.|AMAZON.COM INC|BROADCOM INC.|COSTCO WHOLESALE|ALPHABET CL C CAP|ALPHABET CL A CMN|META PLATFORMS, INC.|MICROSOFT CORP|NVIDIA CORPORATION|TESLA, INC."
2024-09-23,10,AAPL|AMZN|AVGO|COST|GOOG|GOOGL|META|MSFT|NVDA|TSLA,"APPLE INC.|AMAZON.COM INC|BROADCOM INC.|COSTCO WHOLESALE|ALPHABET CL C CAP|ALPHABET CL A CMN|META PLATFORMS, INC.|MICROSOFT CORP|NVIDIA CORPORATION|TESLA, INC."
2024-09-24,10,AAPL|AMZN|AVGO|COST|GOOG|GOOGL|META|MSFT|NVDA|TSLA,"APPLE INC.|AMAZON.COM INC|BROADCOM INC.|COSTCO WHOLESALE|ALPHABET CL C CAP|ALPHABET CL A CMN|META PLATFORMS, INC.|MICROSOFT CORP|NVIDIA CORPORATION|TESLA, INC."
2024-09-25,10,AAPL|AMZN|AVGO|COST|GOOG|GOOGL|META|MSFT|NVDA|TSLA,"APPLE INC.|AMAZON.COM INC|BROADCOM INC.|COSTCO WHOLESALE|ALPHABET CL C CAP|ALPHABET CL A CMN|META PLATFORMS, INC.|MICROSOFT CORP|NVIDIA CORPORATION|TESLA, INC."
2024-09-26,10,AAPL|AMZN|AVGO|COST|GOOG|GOOGL|META|MSFT|NVDA|TSLA,"APPLE INC.|AMAZON.COM INC|BROADCOM INC.|COSTCO WHOLESALE|ALPHABET CL C CAP|ALPHABET CL A CMN|META PLATFORMS, INC.|MICROSOFT CORP|NVIDIA CORPORATION|TESLA, INC."
2024-09-27,10,AAPL|AMZN|AVGO|COST|GOOG|GOOGL|META|MSFT|NVDA|TSLA,"APPLE INC.|AMAZON.COM INC|BROADCOM INC.|COSTCO WHOLESALE|ALPHABET CL C CAP|ALPHABET CL A CMN|META PLATFORMS, INC.|MICROSOFT CORP|NVIDIA CORPORATION|TESLA, INC."
2024-09-30,10,AAPL|AMZN|AVGO|COST|GOOG|GOOGL|META|MSFT|NVDA|TSLA,"APPLE INC.|AMAZON.COM INC|BROADCOM INC.|COSTCO WHOLESALE|ALPHABET CL C CAP|ALPHABET CL A CMN|META PLATFORMS, INC.|MICROSOFT CORP|NVIDIA CORPORATION|TESLA, INC."
2024-10-01,10,AAPL|AMZN|AVGO|COST|GOOG|GOOGL|META|MSFT|NVDA|TSLA,"APPLE INC.|AMAZON.COM INC|BROADCOM INC.|COSTCO WHOLESALE|ALPHABET CL C CAP|ALPHABET CL A CMN|META PLATFORMS, INC.|MICROSOFT CORP|NVIDIA CORPORATION|TESLA, INC."
2024-10-02,10,AAPL|AMZN|AVGO|COST|GOOG|GOOGL|META|MSFT|NVDA|TSLA,"APPLE INC.|AMAZON.COM INC|BROADCOM INC.|COSTCO WHOLESALE|ALPHABET CL C CAP|ALPHABET CL A CMN|META PLATFORMS, INC.|MICROSOFT CORP|NVIDIA CORPORATION|TESLA, INC."
2024-10-03,10,AAPL|AMZN|AVGO|COST|GOOG|GOOGL|META|MSFT|NVDA|TSLA,"APPLE INC.|AMAZON.COM INC|BROADCOM INC.|COSTCO WHOLESALE|ALPHABET CL C CAP|ALPHABET CL A CMN|META PLATFORMS, INC.|MICROSOFT CORP|NVIDIA CORPORATION|TESLA, INC."
2024-10-04,10,AAPL|AMZN|AVGO|COST|GOOG|GOOGL|META|MSFT|NVDA|TSLA,"APPLE INC.|AMAZON.COM INC|BROADCOM INC.|COSTCO WHOLESALE|ALPHABET CL C CAP|ALPHABET CL A CMN|META PLATFORMS, INC.|MICROSOFT CORP|NVIDIA CORPORATION|TESLA, INC."
2024-10-07,10,AAPL|AMZN|AVGO|COST|GOOG|GOOGL|META|MSFT|NVDA|TSLA,"APPLE INC.|AMAZON.COM INC|BROADCOM INC.|COSTCO WHOLESALE|ALPHABET CL C CAP|ALPHABET CL A CMN|META PLATFORMS, INC.|MICROSOFT CORP|NVIDIA CORPORATION|TESLA, INC."
2024-10-08,10,AAPL|AMZN|AVGO|COST|GOOG|GOOGL|META|MSFT|NVDA|TSLA,"APPLE INC.|AMAZON.COM INC|BROADCOM INC.|COSTCO WHOLESALE|ALPHABET CL C CAP|ALPHABET CL A CMN|META PLATFORMS, INC.|MICROSOFT CORP|NVIDIA CORPORATION|TESLA, INC."
2024-10-09,10,AAPL|AMZN|AVGO|COST|GOOG|GOOGL|META|MSFT|NVDA|TSLA,"APPLE INC.|AMAZON.COM INC|BROADCOM INC.|COSTCO WHOLESALE|ALPHABET CL C CAP|ALPHABET CL A CMN|META PLATFORMS, INC.|MICROSOFT CORP|NVIDIA CORPORATION|TESLA, INC."
2024-10-10,10,AAPL|AMZN|AVGO|COST|GOOG|GOOGL|META|MSFT|NVDA|TSLA,"APPLE INC.|AMAZON.COM INC|BROADCOM INC.|COSTCO WHOLESALE|ALPHABET CL C CAP|ALPHABET CL A CMN|META PLATFORMS, INC.|MICROSOFT CORP|NVIDIA CORPORATION|TESLA, INC."
2024-10-11,10,AAPL|AMZN|AVGO|COST|GOOG|GOOGL|META|MSFT|NVDA|TSLA,"APPLE INC.|AMAZON.COM INC|BROADCOM INC.|COSTCO WHOLESALE|ALPHABET CL C CAP|ALPHABET CL A CMN|META PLATFORMS, INC.|MICROSOFT CORP|NVIDIA CORPORATION|TESLA, INC."
2024-10-14,10,AAPL|AMZN|AVGO|COST|GOOG|GOOGL|META|MSFT|NVDA|TSLA,"APPLE INC.|AMAZON.COM INC|BROADCOM INC.|COSTCO WHOLESALE|ALPHABET CL C CAP|ALPHABET CL A CMN|META PLATFORMS, INC.|MICROSOFT CORP|NVIDIA CORPORATION|TESLA, INC."
2024-10-15,10,AAPL|AMZN|AVGO|COST|GOOG|GOOGL|META|MSFT|NVDA|TSLA,"APPLE INC.|AMAZON.COM INC|BROADCOM INC.|COSTCO WHOLESALE|ALPHABET CL C CAP|ALPHABET CL A CMN|META PLATFORMS, INC.|MICROSOFT CORP|NVIDIA CORPORATION|TESLA, INC."
2024-10-16,10,AAPL|AMZN|AVGO|COST|GOOG|GOOGL|META|MSFT|NVDA|TSLA,"APPLE INC.|AMAZON.COM INC|BROADCOM INC.|COSTCO WHOLESALE|ALPHABET CL C CAP|ALPHABET CL A CMN|META PLATFORMS, INC.|MICROSOFT CORP|NVIDIA CORPORATION|TESLA, INC."
2024-10-17,10,AAPL|AMZN|AVGO|COST|GOOG|GOOGL|META|MSFT|NVDA|TSLA,"APPLE INC.|AMAZON.COM INC|BROADCOM INC.|COSTCO WHOLESALE|ALPHABET CL C CAP|ALPHABET CL A CMN|META PLATFORMS, INC.|MICROSOFT CORP|NVIDIA CORPORATION|TESLA, INC."
2024-10-18,10,AAPL|AMZN|AVGO|COST|GOOG|GOOGL|META|MSFT|NVDA|TSLA,"APPLE INC.|AMAZON.COM INC|BROADCOM INC.|COSTCO WHOLESALE|ALPHABET CL C CAP|ALPHABET CL A CMN|META PLATFORMS, INC.|MICROSOFT CORP|NVIDIA CORPORATION|TESLA, INC."
2024-10-21,10,AAPL|AMZN|AVGO|COST|GOOG|GOOGL|META|MSFT|NVDA|TSLA,"APPLE INC.|AMAZON.COM INC|BROADCOM INC.|COSTCO WHOLESALE|ALPHABET CL C CAP|ALPHABET CL A CMN|META PLATFORMS, INC.|MICROSOFT CORP|NVIDIA CORPORATION|TESLA, INC."
2024-10-22,10,AAPL|AMZN|AVGO|COST|GOOG|GOOGL|META|MSFT|NVDA|TSLA,"APPLE INC.|AMAZON.COM INC|BROADCOM INC.|COSTCO WHOLESALE|ALPHABET CL C CAP|ALPHABET CL A CMN|META PLATFORMS, INC.|MICROSOFT CORP|NVIDIA CORPORATION|TESLA, INC."
2024-10-23,10,AAPL|AMZN|AVGO|COST|GOOG|GOOGL|META|MSFT|NVDA|TSLA,"APPLE INC.|AMAZON.COM INC|BROADCOM INC.|COSTCO WHOLESALE|ALPHABET CL C CAP|ALPHABET CL A CMN|META PLATFORMS, INC.|MICROSOFT CORP|NVIDIA CORPORATION|TESLA, INC."
2024-10-24,10,AAPL|AMZN|AVGO|COST|GOOG|GOOGL|META|MSFT|NVDA|TSLA,"APPLE INC.|AMAZON.COM INC|BROADCOM INC.|COSTCO WHOLESALE|ALPHABET CL C CAP|ALPHABET CL A CMN|META PLATFORMS, INC.|MICROSOFT CORP|NVIDIA CORPORATION|TESLA, INC."
2024-10-25,10,AAPL|AMZN|AVGO|COST|GOOG|GOOGL|META|MSFT|NVDA|TSLA,"APPLE INC.|AMAZON.COM INC|BROADCOM INC.|COSTCO WHOLESALE|ALPHABET CL C CAP|ALPHABET CL A CMN|META PLATFORMS, INC.|MICROSOFT CORP|NVIDIA CORPORATION|TESLA, INC."
2024-10-28,10,AAPL|AMZN|AVGO|COST|GOOG|GOOGL|META|MSFT|NVDA|TSLA,"APPLE INC.|AMAZON.COM INC|BROADCOM INC.|COSTCO WHOLESALE|ALPHABET CL C CAP|ALPHABET CL A CMN|META PLATFORMS, INC.|MICROSOFT CORP|NVIDIA CORPORATION|TESLA, INC."
2024-10-29,10,AAPL|AMZN|AVGO|COST|GOOG|GOOGL|META|MSFT|NVDA|TSLA,"APPLE INC.|AMAZON.COM INC|BROADCOM INC.|COSTCO WHOLESALE|ALPHABET CL C CAP|ALPHABET CL A CMN|META PLATFORMS, INC.|MICROSOFT CORP|NVIDIA CORPORATION|TESLA, INC."
2024-10-30,10,AAPL|AMZN|AVGO|COST|GOOG|GOOGL|META|MSFT|NVDA|TSLA,"APPLE INC.|AMAZON.COM INC|BROADCOM INC.|COSTCO WHOLESALE|ALPHABET CL C CAP|ALPHABET CL A CMN|META PLATFORMS, INC.|MICROSOFT CORP|NVIDIA CORPORATION|TESLA, INC."
2024-10-31,10,AAPL|AMZN|AVGO|COST|GOOG|GOOGL|META|MSFT|NVDA|TSLA,"APPLE INC.|AMAZON.COM INC|BROADCOM INC.|COSTCO WHOLESALE|ALPHABET CL C CAP|ALPHABET CL A CMN|META PLATFORMS, INC.|MICROSOFT CORP|NVIDIA CORPORATION|TESLA, INC."
2024-11-01,10,AAPL|AMZN|AVGO|COST|GOOG|GOOGL|META|MSFT|NVDA|TSLA,"APPLE INC.|AMAZON.COM INC|BROADCOM INC.|COSTCO WHOLESALE|ALPHABET CL C CAP|ALPHABET CL A CMN|META PLATFORMS, INC.|MICROSOFT CORP|NVIDIA CORPORATION|TESLA, INC."
2024-11-04,10,AAPL|AMZN|AVGO|COST|GOOG|GOOGL|META|MSFT|NVDA|TSLA,"APPLE INC.|AMAZON.COM INC|BROADCOM INC.|COSTCO WHOLESALE|ALPHABET CL C CAP|ALPHABET CL A CMN|META PLATFORMS, INC.|MICROSOFT CORP|NVIDIA CORPORATION|TESLA, INC."
2024-11-05,10,AAPL|AMZN|AVGO|COST|GOOG|GOOGL|META|MSFT|NVDA|TSLA,"APPLE INC.|AMAZON.COM INC|BROADCOM INC.|COSTCO WHOLESALE|ALPHABET CL C CAP|ALPHABET CL A CMN|META PLATFORMS, INC.|MICROSOFT CORP|NVIDIA CORPORATION|TESLA, INC."
2024-11-06,10,AAPL|AMZN|AVGO|COST|GOOG|GOOGL|META|MSFT|NVDA|TSLA,"APPLE INC.|AMAZON.COM INC|BROADCOM INC.|COSTCO WHOLESALE|ALPHABET CL C CAP|ALPHABET CL A CMN|META PLATFORMS, INC.|MICROSOFT CORP|NVIDIA CORPORATION|TESLA, INC."
2024-11-07,10,AAPL|AMZN|AVGO|COST|GOOG|GOOGL|META|MSFT|NVDA|TSLA,"APPLE INC.|AMAZON.COM INC|BROADCOM INC.|COSTCO WHOLESALE|ALPHABET CL C CAP|ALPHABET CL A CMN|META PLATFORMS, INC.|MICROSOFT CORP|NVIDIA CORPORATION|TESLA, INC."
2024-11-08,10,AAPL|AMZN|AVGO|COST|GOOG|GOOGL|META|MSFT|NVDA|TSLA,"APPLE INC.|AMAZON.COM INC|BROADCOM INC.|COSTCO WHOLESALE|ALPHABET CL C CAP|ALPHABET CL A CMN|META PLATFORMS, INC.|MICROSOFT CORP|NVIDIA CORPORATION|TESLA, INC."
2024-11-11,10,AAPL|AMZN|AVGO|COST|GOOG|GOOGL|META|MSFT|NVDA|TSLA,"APPLE INC.|AMAZON.COM INC|BROADCOM INC.|COSTCO WHOLESALE|ALPHABET CL C CAP|ALPHABET CL A CMN|META PLATFORMS, INC.|MICROSOFT CORP|NVIDIA CORPORATION|TESLA, INC."
2024-11-12,10,AAPL|AMZN|AVGO|COST|GOOG|GOOGL|META|MSFT|NVDA|TSLA,"APPLE INC.|AMAZON.COM INC|BROADCOM INC.|COSTCO WHOLESALE|ALPHABET CL C CAP|ALPHABET CL A CMN|META PLATFORMS, INC.|MICROSOFT CORP|NVIDIA CORPORATION|TESLA, INC."
2024-11-13,10,AAPL|AMZN|AVGO|COST|GOOG|GOOGL|META|MSFT|NVDA|TSLA,"APPLE INC.|AMAZON.COM INC|BROADCOM INC.|COSTCO WHOLESALE|ALPHABET CL C CAP|ALPHABET CL A CMN|META PLATFORMS, INC.|MICROSOFT CORP|NVIDIA CORPORATION|TESLA, INC."
2024-11-14,10,AAPL|AMZN|AVGO|COST|GOOG|GOOGL|META|MSFT|NVDA|TSLA,"APPLE INC.|AMAZON.COM INC|BROADCOM INC.|COSTCO WHOLESALE|ALPHABET CL C CAP|ALPHABET CL A CMN|META PLATFORMS, INC.|MICROSOFT CORP|NVIDIA CORPORATION|TESLA, INC."
2024-11-15,10,AAPL|AMZN|AVGO|COST|GOOG|GOOGL|META|MSFT|NVDA|TSLA,"APPLE INC.|AMAZON.COM INC|BROADCOM INC.|COSTCO WHOLESALE|ALPHABET CL C CAP|ALPHABET CL A CMN|META PLATFORMS, INC.|MICROSOFT CORP|NVIDIA CORPORATION|TESLA, INC."
2024-11-18,10,AAPL|AMZN|AVGO|COST|GOOG|GOOGL|META|MSFT|NVDA|TSLA,"APPLE INC.|AMAZON.COM INC|BROADCOM INC.|COSTCO WHOLESALE|ALPHABET CL C CAP|ALPHABET CL A CMN|META PLATFORMS, INC.|MICROSOFT CORP|NVIDIA CORPORATION|TESLA, INC."
2024-11-19,10,AAPL|AMZN|AVGO|COST|GOOG|GOOGL|META|MSFT|NVDA|TSLA,"APPLE INC.|AMAZON.COM INC|BROADCOM INC.|COSTCO WHOLESALE|ALPHABET CL C CAP|ALPHABET CL A CMN|META PLATFORMS, INC.|MICROSOFT CORP|NVIDIA CORPORATION|TESLA, INC."
2024-11-20,10,AAPL|AMZN|AVGO|COST|GOOG|GOOGL|META|MSFT|NVDA|TSLA,"APPLE INC.|AMAZON.COM INC|BROADCOM INC.|COSTCO WHOLESALE|ALPHABET CL C CAP|ALPHABET CL A CMN|META PLATFORMS, INC.|MICROSOFT CORP|NVIDIA CORPORATION|TESLA, INC."
2024-11-21,10,AAPL|AMZN|AVGO|COST|GOOG|GOOGL|META|MSFT|NVDA|TSLA,"APPLE INC.|AMAZON.COM INC|BROADCOM INC.|COSTCO WHOLESALE|ALPHABET CL C CAP|ALPHABET CL A CMN|META PLATFORMS, INC.|MICROSOFT CORP|NVIDIA CORPORATION|TESLA, INC."
2024-11-22,10,AAPL|AMZN|AVGO|COST|GOOG|GOOGL|META|MSFT|NVDA|TSLA,"APPLE INC.|AMAZON.COM INC|BROADCOM INC.|COSTCO WHOLESALE|ALPHABET CL C CAP|ALPHABET CL A CMN|META PLATFORMS, INC.|MICROSOFT CORP|NVIDIA CORPORATION|TESLA, INC."
2024-11-25,10,AAPL|AMZN|AVGO|COST|GOOG|GOOGL|META|MSFT|NVDA|TSLA,"APPLE INC.|AMAZON.COM INC|BROADCOM INC.|COSTCO WHOLESALE|ALPHABET CL C CAP|ALPHABET CL A CMN|META PLATFORMS, INC.|MICROSOFT CORP|NVIDIA CORPORATION|TESLA, INC."
2024-11-26,10,AAPL|AMZN|AVGO|COST|GOOG|GOOGL|META|MSFT|NVDA|TSLA,"APPLE INC.|AMAZON.COM INC|BROADCOM INC.|COSTCO WHOLESALE|ALPHABET CL C CAP|ALPHABET CL A CMN|META PLATFORMS, INC.|MICROSOFT CORP|NVIDIA CORPORATION|TESLA, INC."
2024-11-27,10,AAPL|AMZN|AVGO|COST|GOOG|GOOGL|META|MSFT|NVDA|TSLA,"APPLE INC.|AMAZON.COM INC|BROADCOM INC.|COSTCO WHOLESALE|ALPHABET CL C CAP|ALPHABET CL A CMN|META PLATFORMS, INC.|MICROSOFT CORP|NVIDIA CORPORATION|TESLA, INC."
2024-11-29,10,AAPL|AMZN|AVGO|COST|GOOG|GOOGL|META|MSFT|NVDA|TSLA,"APPLE INC.|AMAZON.COM INC|BROADCOM INC.|COSTCO WHOLESALE|ALPHABET CL C CAP|ALPHABET CL A CMN|META PLATFORMS, INC.|MICROSOFT CORP|NVIDIA CORPORATION|TESLA, INC."
2024-12-02,10,AAPL|AMZN|AVGO|COST|GOOG|GOOGL|META|MSFT|NVDA|TSLA,"APPLE INC.|AMAZON.COM INC|BROADCOM INC.|COSTCO WHOLESALE|ALPHABET CL C CAP|ALPHABET CL A CMN|META PLATFORMS, INC.|MICROSOFT CORP|NVIDIA CORPORATION|TESLA, INC."
2024-12-03,10,AAPL|AMZN|AVGO|COST|GOOG|GOOGL|META|MSFT|NVDA|TSLA,"APPLE INC.|AMAZON.COM INC|BROADCOM INC.|COSTCO WHOLESALE|ALPHABET CL C CAP|ALPHABET CL A CMN|META PLATFORMS, INC.|MICROSOFT CORP|NVIDIA CORPORATION|TESLA, INC."
2024-12-04,10,AAPL|AMZN|AVGO|COST|GOOG|GOOGL|META|MSFT|NVDA|TSLA,"APPLE INC.|AMAZON.COM INC|BROADCOM INC.|COSTCO WHOLESALE|ALPHABET CL C CAP|ALPHABET CL A CMN|META PLATFORMS, INC.|MICROSOFT CORP|NVIDIA CORPORATION|TESLA, INC."
2024-12-05,10,AAPL|AMZN|AVGO|COST|GOOG|GOOGL|META|MSFT|NVDA|TSLA,"APPLE INC.|AMAZON.COM INC|BROADCOM INC.|COSTCO WHOLESALE|ALPHABET CL C CAP|ALPHABET CL A CMN|META PLATFORMS, INC.|MICROSOFT CORP|NVIDIA CORPORATION|TESLA, INC."
2024-12-06,10,AAPL|AMZN|AVGO|COST|GOOG|GOOGL|META|MSFT|NVDA|TSLA,"APPLE INC.|AMAZON.COM INC|BROADCOM INC.|COSTCO WHOLESALE|ALPHABET CL C CAP|ALPHABET CL A CMN|META PLATFORMS, INC.|MICROSOFT CORP|NVIDIA CORPORATION|TESLA, INC."
2024-12-09,10,AAPL|AMZN|AVGO|COST|GOOG|GOOGL|META|MSFT|NVDA|TSLA,"APPLE INC.|AMAZON.COM INC|BROADCOM INC.|COSTCO WHOLESALE|ALPHABET CL C CAP|ALPHABET CL A CMN|META PLATFORMS, INC.|MICROSOFT CORP|NVIDIA CORPORATION|TESLA, INC."
2024-12-10,10,AAPL|AMZN|AVGO|COST|GOOG|GOOGL|META|MSFT|NVDA|TSLA,"APPLE INC.|AMAZON.COM INC|BROADCOM INC.|COSTCO WHOLESALE|ALPHABET CL C CAP|ALPHABET CL A CMN|META PLATFORMS, INC.|MICROSOFT CORP|NVIDIA CORPORATION|TESLA, INC."
2024-12-11,10,AAPL|AMZN|AVGO|COST|GOOG|GOOGL|META|MSFT|NVDA|TSLA,"APPLE INC.|AMAZON.COM INC|BROADCOM INC.|COSTCO WHOLESALE|ALPHABET CL C CAP|ALPHABET CL A CMN|META PLATFORMS, INC.|MICROSOFT CORP|NVIDIA CORPORATION|TESLA, INC."
2024-12-12,10,AAPL|AMZN|AVGO|COST|GOOG|GOOGL|META|MSFT|NVDA|TSLA,"APPLE INC.|AMAZON.COM INC|BROADCOM INC.|COSTCO WHOLESALE|ALPHABET CL C CAP|ALPHABET CL A CMN|META PLATFORMS, INC.|MICROSOFT CORP|NVIDIA CORPORATION|TESLA, INC."
2024-12-13,10,AAPL|AMZN|AVGO|COST|GOOG|GOOGL|META|MSFT|NVDA|TSLA,"APPLE INC.|AMAZON.COM INC|BROADCOM INC.|COSTCO WHOLESALE|ALPHABET CL C CAP|ALPHABET CL A CMN|META PLATFORMS, INC.|MICROSOFT CORP|NVIDIA CORPORATION|TESLA, INC."
2024-12-16,10,AAPL|AMZN|AVGO|COST|GOOG|GOOGL|META|MSFT|NVDA|TSLA,"APPLE INC.|AMAZON.COM INC|BROADCOM INC.|COSTCO WHOLESALE|ALPHABET CL C CAP|ALPHABET CL A CMN|META PLATFORMS, INC.|MICROSOFT CORP|NVIDIA CORPORATION|TESLA, INC."
2024-12-17,10,AAPL|AMZN|AVGO|COST|GOOG|GOOGL|META|MSFT|NVDA|TSLA,"APPLE INC.|AMAZON.COM INC|BROADCOM INC.|COSTCO WHOLESALE|ALPHABET CL C CAP|ALPHABET CL A CMN|META PLATFORMS, INC.|MICROSOFT CORP|NVIDIA CORPORATION|TESLA, INC."
2024-12-18,10,AAPL|AMZN|AVGO|COST|GOOG|GOOGL|META|MSFT|NVDA|TSLA,"APPLE INC.|AMAZON.COM INC|BROADCOM INC.|COSTCO WHOLESALE|ALPHABET CL C CAP|ALPHABET CL A CMN|META PLATFORMS, INC.|MICROSOFT CORP|NVIDIA CORPORATION|TESLA, INC."
2024-12-19,10,AAPL|AMZN|AVGO|COST|GOOG|GOOGL|META|MSFT|NVDA|TSLA,"APPLE INC.|AMAZON.COM INC|BROADCOM INC.|COSTCO WHOLESALE|ALPHABET CL C CAP|ALPHABET CL A CMN|META PLATFORMS, INC.|MICROSOFT CORP|NVIDIA CORPORATION|TESLA, INC."
2024-12-20,10,AAPL|AMZN|AVGO|COST|GOOG|GOOGL|META|MSFT|NVDA|TSLA,"APPLE INC.|AMAZON.COM INC|BROADCOM INC.|COSTCO WHOLESALE|ALPHABET CL C CAP|ALPHABET CL A CMN|META PLATFORMS, INC.|MICROSOFT CORP|NVIDIA CORPORATION|TESLA, INC."
2024-12-23,9,AAPL|AMZN|AVGO|GOOG|GOOGL|META|MSFT|NVDA|TSLA,"APPLE INC.|AMAZON.COM INC|BROADCOM INC.|ALPHABET CL C CAP|ALPHABET CL A CMN|META PLATFORMS, INC.|MICROSOFT CORP|NVIDIA CORPORATION|TESLA, INC."
2024-12-24,9,AAPL|AMZN|AVGO|GOOG|GOOGL|META|MSFT|NVDA|TSLA,"APPLE INC.|AMAZON.COM INC|BROADCOM INC.|ALPHABET CL C CAP|ALPHABET CL A CMN|META PLATFORMS, INC.|MICROSOFT CORP|NVIDIA CORPORATION|TESLA, INC."
2024-12-26,9,AAPL|AMZN|AVGO|GOOG|GOOGL|META|MSFT|NVDA|TSLA,"APPLE INC.|AMAZON.COM INC|BROADCOM INC.|ALPHABET CL C CAP|ALPHABET CL A CMN|META PLATFORMS, INC.|MICROSOFT CORP|NVIDIA CORPORATION|TESLA, INC."
2024-12-27,9,AAPL|AMZN|AVGO|GOOG|GOOGL|META|MSFT|NVDA|TSLA,"APPLE INC.|AMAZON.COM INC|BROADCOM INC.|ALPHABET CL C CAP|ALPHABET CL A CMN|META PLATFORMS, INC.|MICROSOFT CORP|NVIDIA CORPORATION|TESLA, INC."
2024-12-30,9,AAPL|AMZN|AVGO|GOOG|GOOGL|META|MSFT|NVDA|TSLA,"APPLE INC.|AMAZON.COM INC|BROADCOM INC.|ALPHABET CL C CAP|ALPHABET CL A CMN|META PLATFORMS, INC.|MICROSOFT CORP|NVIDIA CORPORATION|TESLA, INC."
2024-12-31,9,AAPL|AMZN|AVGO|GOOG|GOOGL|META|MSFT|NVDA|TSLA,"APPLE INC.|AMAZON.COM INC|BROADCOM INC.|ALPHABET CL C CAP|ALPHABET CL A CMN|META PLATFORMS, INC.|MICROSOFT CORP|NVIDIA CORPORATION|TESLA, INC."
2025-01-02,9,AAPL|AMZN|AVGO|GOOG|GOOGL|META|MSFT|NVDA|TSLA,"APPLE INC.|AMAZON.COM INC|BROADCOM INC.|ALPHABET CL C CAP|ALPHABET CL A CMN|META PLATFORMS, INC.|MICROSOFT CORP|NVIDIA CORPORATION|TESLA, INC."
2025-01-03,9,AAPL|AMZN|AVGO|GOOG|GOOGL|META|MSFT|NVDA|TSLA,"APPLE INC.|AMAZON.COM INC|BROADCOM INC.|ALPHABET CL C CAP|ALPHABET CL A CMN|META PLATFORMS, INC.|MICROSOFT CORP|NVIDIA CORPORATION|TESLA, INC."
2025-01-06,9,AAPL|AMZN|AVGO|GOOG|GOOGL|META|MSFT|NVDA|TSLA,"APPLE INC.|AMAZON.COM INC|BROADCOM INC.|ALPHABET CL C CAP|ALPHABET CL A CMN|META PLATFORMS, INC.|MICROSOFT CORP|NVIDIA CORPORATION|TESLA, INC."
2025-01-07,9,AAPL|AMZN|AVGO|GOOG|GOOGL|META|MSFT|NVDA|TSLA,"APPLE INC.|AMAZON.COM INC|BROADCOM INC.|ALPHABET CL C CAP|ALPHABET CL A CMN|META PLATFORMS, INC.|MICROSOFT CORP|NVIDIA CORPORATION|TESLA, INC."
2025-01-08,9,AAPL|AMZN|AVGO|GOOG|GOOGL|META|MSFT|NVDA|TSLA,"APPLE INC.|AMAZON.COM INC|BROADCOM INC.|ALPHABET CL C CAP|ALPHABET CL A CMN|META PLATFORMS, INC.|MICROSOFT CORP|NVIDIA CORPORATION|TESLA, INC."
2025-01-10,9,AAPL|AMZN|AVGO|GOOG|GOOGL|META|MSFT|NVDA|TSLA,"APPLE INC.|AMAZON.COM INC|BROADCOM INC.|ALPHABET CL C CAP|ALPHABET CL A CMN|META PLATFORMS, INC.|MICROSOFT CORP|NVIDIA CORPORATION|TESLA, INC."
2025-01-13,9,AAPL|AMZN|AVGO|GOOG|GOOGL|META|MSFT|NVDA|TSLA,"APPLE INC.|AMAZON.COM INC|BROADCOM INC.|ALPHABET CL C CAP|ALPHABET CL A CMN|META PLATFORMS, INC.|MICROSOFT CORP|NVIDIA CORPORATION|TESLA, INC."
2025-01-14,9,AAPL|AMZN|AVGO|GOOG|GOOGL|META|MSFT|NVDA|TSLA,"APPLE INC.|AMAZON.COM INC|BROADCOM INC.|ALPHABET CL C CAP|ALPHABET CL A CMN|META PLATFORMS, INC.|MICROSOFT CORP|NVIDIA CORPORATION|TESLA, INC."
2025-01-15,9,AAPL|AMZN|AVGO|GOOG|GOOGL|META|MSFT|NVDA|TSLA,"APPLE INC.|AMAZON.COM INC|BROADCOM INC.|ALPHABET CL C CAP|ALPHABET CL A CMN|META PLATFORMS, INC.|MICROSOFT CORP|NVIDIA CORPORATION|TESLA, INC."
2025-01-16,9,AAPL|AMZN|AVGO|GOOG|GOOGL|META|MSFT|NVDA|TSLA,"APPLE INC.|AMAZON.COM INC|BROADCOM INC.|ALPHABET CL C CAP|ALPHABET CL A CMN|META PLATFORMS, INC.|MICROSOFT CORP|NVIDIA CORPORATION|TESLA, INC."
2025-01-17,9,AAPL|AMZN|AVGO|GOOG|GOOGL|META|MSFT|NVDA|TSLA,"APPLE INC.|AMAZON.COM INC|BROADCOM INC.|ALPHABET CL C CAP|ALPHABET CL A CMN|META PLATFORMS, INC.|MICROSOFT CORP|NVIDIA CORPORATION|TESLA, INC."
2025-01-21,9,AAPL|AMZN|AVGO|GOOG|GOOGL|META|MSFT|NVDA|TSLA,"APPLE INC.|AMAZON.COM INC|BROADCOM INC.|ALPHABET CL C CAP|ALPHABET CL A CMN|META PLATFORMS, INC.|MICROSOFT CORP|NVIDIA CORPORATION|TESLA, INC."
2025-01-22,9,AAPL|AMZN|AVGO|GOOG|GOOGL|META|MSFT|NVDA|TSLA,"APPLE INC.|AMAZON.COM INC|BROADCOM INC.|ALPHABET CL C CAP|ALPHABET CL A CMN|META PLATFORMS, INC.|MICROSOFT CORP|NVIDIA CORPORATION|TESLA, INC."
2025-01-23,9,AAPL|AMZN|AVGO|GOOG|GOOGL|META|MSFT|NVDA|TSLA,"APPLE INC.|AMAZON.COM INC|BROADCOM INC.|ALPHABET CL C CAP|ALPHABET CL A CMN|META PLATFORMS, INC.|MICROSOFT CORP|NVIDIA CORPORATION|TESLA, INC."
2025-01-24,9,AAPL|AMZN|AVGO|GOOG|GOOGL|META|MSFT|NVDA|TSLA,"APPLE INC.|AMAZON.COM INC|BROADCOM INC.|ALPHABET CL C CAP|ALPHABET CL A CMN|META PLATFORMS, INC.|MICROSOFT CORP|NVIDIA CORPORATION|TESLA, INC."
2025-01-27,9,AAPL|AMZN|AVGO|GOOG|GOOGL|META|MSFT|NVDA|TSLA,"APPLE INC.|AMAZON.COM INC|BROADCOM INC.|ALPHABET CL C CAP|ALPHABET CL A CMN|META PLATFORMS, INC.|MICROSOFT CORP|NVIDIA CORPORATION|TESLA, INC."
2025-01-28,9,AAPL|AMZN|AVGO|GOOG|GOOGL|META|MSFT|NVDA|TSLA,"APPLE INC.|AMAZON.COM INC|BROADCOM INC.|ALPHABET CL C CAP|ALPHABET CL A CMN|META PLATFORMS, INC.|MICROSOFT CORP|NVIDIA CORPORATION|TESLA, INC."
2025-01-29,9,AAPL|AMZN|AVGO|GOOG|GOOGL|META|MSFT|NVDA|TSLA,"APPLE INC.|AMAZON.COM INC|BROADCOM INC.|ALPHABET CL C CAP|ALPHABET CL A CMN|META PLATFORMS, INC.|MICROSOFT CORP|NVIDIA CORPORATION|TESLA, INC."
2025-01-30,9,AAPL|AMZN|AVGO|GOOG|GOOGL|META|MSFT|NVDA|TSLA,"APPLE INC.|AMAZON.COM INC|BROADCOM INC.|ALPHABET CL C CAP|ALPHABET CL A CMN|META PLATFORMS, INC.|MICROSOFT CORP|NVIDIA CORPORATION|TESLA, INC."
2025-01-31,9,AAPL|AMZN|AVGO|GOOG|GOOGL|META|MSFT|NVDA|TSLA,"APPLE INC.|AMAZON.COM INC|BROADCOM INC.|ALPHABET CL C CAP|ALPHABET CL A CMN|META PLATFORMS, INC.|MICROSOFT CORP|NVIDIA CORPORATION|TESLA, INC."
2025-02-03,9,AAPL|AMZN|AVGO|GOOG|GOOGL|META|MSFT|NVDA|TSLA,"APPLE INC.|AMAZON.COM INC|BROADCOM INC.|ALPHABET CL C CAP|ALPHABET CL A CMN|META PLATFORMS, INC.|MICROSOFT CORP|NVIDIA CORPORATION|TESLA, INC."
2025-02-04,9,AAPL|AMZN|AVGO|GOOG|GOOGL|META|MSFT|NVDA|TSLA,"APPLE INC.|AMAZON.COM INC|BROADCOM INC.|ALPHABET CL C CAP|ALPHABET CL A CMN|META PLATFORMS, INC.|MICROSOFT CORP|NVIDIA CORPORATION|TESLA, INC."
2025-02-05,9,AAPL|AMZN|AVGO|GOOG|GOOGL|META|MSFT|NVDA|TSLA,"APPLE INC.|AMAZON.COM INC|BROADCOM INC.|ALPHABET CL C CAP|ALPHABET CL A CMN|META PLATFORMS, INC.|MICROSOFT CORP|NVIDIA CORPORATION|TESLA, INC."
2025-02-06,9,AAPL|AMZN|AVGO|GOOG|GOOGL|META|MSFT|NVDA|TSLA,"APPLE INC.|AMAZON.COM INC|BROADCOM INC.|ALPHABET CL C CAP|ALPHABET CL A CMN|META PLATFORMS, INC.|MICROSOFT CORP|NVIDIA CORPORATION|TESLA, INC."
2025-02-07,9,AAPL|AMZN|AVGO|GOOG|GOOGL|META|MSFT|NVDA|TSLA,"APPLE INC.|AMAZON.COM INC|BROADCOM INC.|ALPHABET CL C CAP|ALPHABET CL A CMN|META PLATFORMS, INC.|MICROSOFT CORP|NVIDIA CORPORATION|TESLA, INC."
2025-02-10,9,AAPL|AMZN|AVGO|GOOG|GOOGL|META|MSFT|NVDA|TSLA,"APPLE INC.|AMAZON.COM INC|BROADCOM INC.|ALPHABET CL C CAP|ALPHABET CL A CMN|META PLATFORMS, INC.|MICROSOFT CORP|NVIDIA CORPORATION|TESLA, INC."
2025-02-11,9,AAPL|AMZN|AVGO|GOOG|GOOGL|META|MSFT|NVDA|TSLA,"APPLE INC.|AMAZON.COM INC|BROADCOM INC.|ALPHABET CL C CAP|ALPHABET CL A CMN|META PLATFORMS, INC.|MICROSOFT CORP|NVIDIA CORPORATION|TESLA, INC."
2025-02-12,9,AAPL|AMZN|AVGO|GOOG|GOOGL|META|MSFT|NVDA|TSLA,"APPLE INC.|AMAZON.COM INC|BROADCOM INC.|ALPHABET CL C CAP|ALPHABET CL A CMN|META PLATFORMS, INC.|MICROSOFT CORP|NVIDIA CORPORATION|TESLA, INC."
2025-02-13,9,AAPL|AMZN|AVGO|GOOG|GOOGL|META|MSFT|NVDA|TSLA,"APPLE INC.|AMAZON.COM INC|BROADCOM INC.|ALPHABET CL C CAP|ALPHABET CL A CMN|META PLATFORMS, INC.|MICROSOFT CORP|NVIDIA CORPORATION|TESLA, INC."
2025-02-14,9,AAPL|AMZN|AVGO|GOOG|GOOGL|META|MSFT|NVDA|TSLA,"APPLE INC.|AMAZON.COM INC|BROADCOM INC.|ALPHABET CL C CAP|ALPHABET CL A CMN|META PLATFORMS, INC.|MICROSOFT CORP|NVIDIA CORPORATION|TESLA, INC."
2025-02-18,9,AAPL|AMZN|AVGO|GOOG|GOOGL|META|MSFT|NVDA|TSLA,"APPLE INC.|AMAZON.COM INC|BROADCOM INC.|ALPHABET CL C CAP|ALPHABET CL A CMN|META PLATFORMS, INC.|MICROSOFT CORP|NVIDIA CORPORATION|TESLA, INC."
2025-02-19,9,AAPL|AMZN|AVGO|GOOG|GOOGL|META|MSFT|NVDA|TSLA,"APPLE INC.|AMAZON.COM INC|BROADCOM INC.|ALPHABET CL C CAP|ALPHABET CL A CMN|META PLATFORMS, INC.|MICROSOFT CORP|NVIDIA CORPORATION|TESLA, INC."
2025-02-20,9,AAPL|AMZN|AVGO|GOOG|GOOGL|META|MSFT|NVDA|TSLA,"APPLE INC.|AMAZON.COM INC|BROADCOM INC.|ALPHABET CL C CAP|ALPHABET CL A CMN|META PLATFORMS, INC.|MICROSOFT CORP|NVIDIA CORPORATION|TESLA, INC."
2025-02-21,9,AAPL|AMZN|AVGO|GOOG|GOOGL|META|MSFT|NVDA|TSLA,"APPLE INC.|AMAZON.COM INC|BROADCOM INC.|ALPHABET CL C CAP|ALPHABET CL A CMN|META PLATFORMS, INC.|MICROSOFT CORP|NVIDIA CORPORATION|TESLA, INC."
2025-02-24,9,AAPL|AMZN|AVGO|GOOG|GOOGL|META|MSFT|NVDA|TSLA,"APPLE INC.|AMAZON.COM INC|BROADCOM INC.|ALPHABET CL C CAP|ALPHABET CL A CMN|META PLATFORMS, INC.|MICROSOFT CORP|NVIDIA CORPORATION|TESLA, INC."
2025-02-25,9,AAPL|AMZN|AVGO|GOOG|GOOGL|META|MSFT|NVDA|TSLA,"APPLE INC.|AMAZON.COM INC|BROADCOM INC.|ALPHABET CL C CAP|ALPHABET CL A CMN|META PLATFORMS, INC.|MICROSOFT CORP|NVIDIA CORPORATION|TESLA, INC."
2025-02-26,9,AAPL|AMZN|AVGO|GOOG|GOOGL|META|MSFT|NVDA|TSLA,"APPLE INC.|AMAZON.COM INC|BROADCOM INC.|ALPHABET CL C CAP|ALPHABET CL A CMN|META PLATFORMS, INC.|MICROSOFT CORP|NVIDIA CORPORATION|TESLA, INC."
2025-02-27,9,AAPL|AMZN|AVGO|GOOG|GOOGL|META|MSFT|NVDA|TSLA,"APPLE INC.|AMAZON.COM INC|BROADCOM INC.|ALPHABET CL C CAP|ALPHABET CL A CMN|META PLATFORMS, INC.|MICROSOFT CORP|NVIDIA CORPORATION|TESLA, INC."
2025-02-28,9,AAPL|AMZN|AVGO|GOOG|GOOGL|META|MSFT|NVDA|TSLA,"APPLE INC.|AMAZON.COM INC|BROADCOM INC.|ALPHABET CL C CAP|ALPHABET CL A CMN|META PLATFORMS, INC.|MICROSOFT CORP|NVIDIA CORPORATION|TESLA, INC."
2025-03-03,9,AAPL|AMZN|AVGO|GOOG|GOOGL|META|MSFT|NVDA|TSLA,"APPLE INC.|AMAZON.COM INC|BROADCOM INC.|ALPHABET CL C CAP|ALPHABET CL A CMN|META PLATFORMS, INC.|MICROSOFT CORP|NVIDIA CORPORATION|TESLA, INC."
2025-03-04,9,AAPL|AMZN|AVGO|GOOG|GOOGL|META|MSFT|NVDA|TSLA,"APPLE INC.|AMAZON.COM INC|BROADCOM INC.|ALPHABET CL C CAP|ALPHABET CL A CMN|META PLATFORMS, INC.|MICROSOFT CORP|NVIDIA CORPORATION|TESLA, INC."
2025-03-05,9,AAPL|AMZN|AVGO|GOOG|GOOGL|META|MSFT|NVDA|TSLA,"APPLE INC.|AMAZON.COM INC|BROADCOM INC.|ALPHABET CL C CAP|ALPHABET CL A CMN|META PLATFORMS, INC.|MICROSOFT CORP|NVIDIA CORPORATION|TESLA, INC."
2025-03-06,9,AAPL|AMZN|AVGO|GOOG|GOOGL|META|MSFT|NVDA|TSLA,"APPLE INC.|AMAZON.COM INC|BROADCOM INC.|ALPHABET CL C CAP|ALPHABET CL A CMN|META PLATFORMS, INC.|MICROSOFT CORP|NVIDIA CORPORATION|TESLA, INC."
2025-03-07,9,AAPL|AMZN|AVGO|GOOG|GOOGL|META|MSFT|NVDA|TSLA,"APPLE INC.|AMAZON.COM INC|BROADCOM INC.|ALPHABET CL C CAP|ALPHABET CL A CMN|META PLATFORMS, INC.|MICROSOFT CORP|NVIDIA CORPORATION|TESLA, INC."
2025-03-10,9,AAPL|AMZN|AVGO|GOOG|GOOGL|META|MSFT|NVDA|TSLA,"APPLE INC.|AMAZON.COM INC|BROADCOM INC.|ALPHABET CL C CAP|ALPHABET CL A CMN|META PLATFORMS, INC.|MICROSOFT CORP|NVIDIA CORPORATION|TESLA, INC."
2025-03-11,9,AAPL|AMZN|AVGO|GOOG|GOOGL|META|MSFT|NVDA|TSLA,"APPLE INC.|AMAZON.COM INC|BROADCOM INC.|ALPHABET CL C CAP|ALPHABET CL A CMN|META PLATFORMS, INC.|MICROSOFT CORP|NVIDIA CORPORATION|TESLA, INC."
2025-03-12,9,AAPL|AMZN|AVGO|GOOG|GOOGL|META|MSFT|NVDA|TSLA,"APPLE INC.|AMAZON.COM INC|BROADCOM INC.|ALPHABET CL C CAP|ALPHABET CL A CMN|META PLATFORMS, INC.|MICROSOFT CORP|NVIDIA CORPORATION|TESLA, INC."
2025-03-13,9,AAPL|AMZN|AVGO|GOOG|GOOGL|META|MSFT|NVDA|TSLA,"APPLE INC.|AMAZON.COM INC|BROADCOM INC.|ALPHABET CL C CAP|ALPHABET CL A CMN|META PLATFORMS, INC.|MICROSOFT CORP|NVIDIA CORPORATION|TESLA, INC."
2025-03-14,9,AAPL|AMZN|AVGO|GOOG|GOOGL|META|MSFT|NVDA|TSLA,"APPLE INC.|AMAZON.COM INC|BROADCOM INC.|ALPHABET CL C CAP|ALPHABET CL A CMN|META PLATFORMS, INC.|MICROSOFT CORP|NVIDIA CORPORATION|TESLA, INC."
2025-03-17,9,AAPL|AMZN|AVGO|GOOG|GOOGL|META|MSFT|NVDA|TSLA,"APPLE INC.|AMAZON.COM INC|BROADCOM INC.|ALPHABET CL C CAP|ALPHABET CL A CMN|META PLATFORMS, INC.|MICROSOFT CORP|NVIDIA CORPORATION|TESLA, INC."
2025-03-18,9,AAPL|AMZN|AVGO|GOOG|GOOGL|META|MSFT|NVDA|TSLA,"APPLE INC.|AMAZON.COM INC|BROADCOM INC.|ALPHABET CL C CAP|ALPHABET CL A CMN|META PLATFORMS, INC.|MICROSOFT CORP|NVIDIA CORPORATION|TESLA, INC."
2025-03-19,9,AAPL|AMZN|AVGO|GOOG|GOOGL|META|MSFT|NVDA|TSLA,"APPLE INC.|AMAZON.COM INC|BROADCOM INC.|ALPHABET CL C CAP|ALPHABET CL A CMN|META PLATFORMS, INC.|MICROSOFT CORP|NVIDIA CORPORATION|TESLA, INC."
2025-03-20,9,AAPL|AMZN|AVGO|GOOG|GOOGL|META|MSFT|NVDA|TSLA,"APPLE INC.|AMAZON.COM INC|BROADCOM INC.|ALPHABET CL C CAP|ALPHABET CL A CMN|META PLATFORMS, INC.|MICROSOFT CORP|NVIDIA CORPORATION|TESLA, INC."
2025-03-21,9,AAPL|AMZN|AVGO|GOOG|GOOGL|META|MSFT|NVDA|TSLA,"APPLE INC.|AMAZON.COM INC|BROADCOM INC.|ALPHABET CL C CAP|ALPHABET CL A CMN|META PLATFORMS, INC.|MICROSOFT CORP|NVIDIA CORPORATION|TESLA, INC."
2025-03-24,9,AAPL|AMZN|AVGO|GOOG|GOOGL|META|MSFT|NVDA|TSLA,"APPLE INC.|AMAZON.COM INC|BROADCOM INC.|ALPHABET CL C CAP|ALPHABET CL A CMN|META PLATFORMS, INC.|MICROSOFT CORP|NVIDIA CORPORATION|TESLA, INC."
2025-03-25,9,AAPL|AMZN|AVGO|GOOG|GOOGL|META|MSFT|NVDA|TSLA,"APPLE INC.|AMAZON.COM INC|BROADCOM INC.|ALPHABET CL C CAP|ALPHABET CL A CMN|META PLATFORMS, INC.|MICROSOFT CORP|NVIDIA CORPORATION|TESLA, INC."
2025-03-26,9,AAPL|AMZN|AVGO|GOOG|GOOGL|META|MSFT|NVDA|TSLA,"APPLE INC.|AMAZON.COM INC|BROADCOM INC.|ALPHABET CL C CAP|ALPHABET CL A CMN|META PLATFORMS, INC.|MICROSOFT CORP|NVIDIA CORPORATION|TESLA, INC."
2025-03-27,9,AAPL|AMZN|AVGO|GOOG|GOOGL|META|MSFT|NVDA|TSLA,"APPLE INC.|AMAZON.COM INC|BROADCOM INC.|ALPHABET CL C CAP|ALPHABET CL A CMN|META PLATFORMS, INC.|MICROSOFT CORP|NVIDIA CORPORATION|TESLA, INC."
2025-03-28,9,AAPL|AMZN|AVGO|GOOG|GOOGL|META|MSFT|NVDA|TSLA,"APPLE INC.|AMAZON.COM INC|BROADCOM INC.|ALPHABET CL C CAP|ALPHABET CL A CMN|META PLATFORMS, INC.|MICROSOFT CORP|NVIDIA CORPORATION|TESLA, INC."
2025-03-31,9,AAPL|AMZN|AVGO|GOOG|GOOGL|META|MSFT|NVDA|TSLA,"APPLE INC.|AMAZON.COM INC|BROADCOM INC.|ALPHABET CL C CAP|ALPHABET CL A CMN|META PLATFORMS, INC.|MICROSOFT CORP|NVIDIA CORPORATION|TESLA, INC."
2025-04-01,9,AAPL|AMZN|AVGO|GOOG|GOOGL|META|MSFT|NVDA|TSLA,"APPLE INC.|AMAZON.COM INC|BROADCOM INC.|ALPHABET CL C CAP|ALPHABET CL A CMN|META PLATFORMS, INC.|MICROSOFT CORP|NVIDIA CORPORATION|TESLA, INC."
2025-04-02,9,AAPL|AMZN|AVGO|GOOG|GOOGL|META|MSFT|NVDA|TSLA,"APPLE INC.|AMAZON.COM INC|BROADCOM INC.|ALPHABET CL C CAP|ALPHABET CL A CMN|META PLATFORMS, INC.|MICROSOFT CORP|NVIDIA CORPORATION|TESLA, INC."
2025-04-03,9,AAPL|AMZN|AVGO|GOOG|GOOGL|META|MSFT|NVDA|TSLA,"APPLE INC.|AMAZON.COM INC|BROADCOM INC.|ALPHABET CL C CAP|ALPHABET CL A CMN|META PLATFORMS, INC.|MICROSOFT CORP|NVIDIA CORPORATION|TESLA, INC."
2025-04-04,9,AAPL|AMZN|AVGO|GOOG|GOOGL|META|MSFT|NVDA|TSLA,"APPLE INC.|AMAZON.COM INC|BROADCOM INC.|ALPHABET CL C CAP|ALPHABET CL A CMN|META PLATFORMS, INC.|MICROSOFT CORP|NVIDIA CORPORATION|TESLA, INC."
2025-04-07,9,AAPL|AMZN|AVGO|GOOG|GOOGL|META|MSFT|NVDA|TSLA,"APPLE INC.|AMAZON.COM INC|BROADCOM INC.|ALPHABET CL C CAP|ALPHABET CL A CMN|META PLATFORMS, INC.|MICROSOFT CORP|NVIDIA CORPORATION|TESLA, INC."
2025-04-08,9,AAPL|AMZN|AVGO|GOOG|GOOGL|META|MSFT|NVDA|TSLA,"APPLE INC.|AMAZON.COM INC|BROADCOM INC.|ALPHABET CL C CAP|ALPHABET CL A CMN|META PLATFORMS, INC.|MICROSOFT CORP|NVIDIA CORPORATION|TESLA, INC."
2025-04-09,9,AAPL|AMZN|AVGO|GOOG|GOOGL|META|MSFT|NVDA|TSLA,"APPLE INC.|AMAZON.COM INC|BROADCOM INC.|ALPHABET CL C CAP|ALPHABET CL A CMN|META PLATFORMS, INC.|MICROSOFT CORP|NVIDIA CORPORATION|TESLA, INC."
2025-04-10,9,AAPL|AMZN|AVGO|GOOG|GOOGL|META|MSFT|NVDA|TSLA,"APPLE INC.|AMAZON.COM INC|BROADCOM INC.|ALPHABET CL C CAP|ALPHABET CL A CMN|META PLATFORMS, INC.|MICROSOFT CORP|NVIDIA CORPORATION|TESLA, INC."
2025-04-11,9,AAPL|AMZN|AVGO|GOOG|GOOGL|META|MSFT|NVDA|TSLA,"APPLE INC.|AMAZON.COM INC|BROADCOM INC.|ALPHABET CL C CAP|ALPHABET CL A CMN|META PLATFORMS, INC.|MICROSOFT CORP|NVIDIA CORPORATION|TESLA, INC."
2025-04-14,9,AAPL|AMZN|AVGO|GOOG|GOOGL|META|MSFT|NVDA|TSLA,"APPLE INC.|AMAZON.COM INC|BROADCOM INC.|ALPHABET CL C CAP|ALPHABET CL A CMN|META PLATFORMS, INC.|MICROSOFT CORP|NVIDIA CORPORATION|TESLA, INC."
2025-04-15,9,AAPL|AMZN|AVGO|GOOG|GOOGL|META|MSFT|NVDA|TSLA,"APPLE INC.|AMAZON.COM INC|BROADCOM INC.|ALPHABET CL C CAP|ALPHABET CL A CMN|META PLATFORMS, INC.|MICROSOFT CORP|NVIDIA CORPORATION|TESLA, INC."
2025-04-16,9,AAPL|AMZN|AVGO|GOOG|GOOGL|META|MSFT|NVDA|TSLA,"APPLE INC.|AMAZON.COM INC|BROADCOM INC.|ALPHABET CL C CAP|ALPHABET CL A CMN|META PLATFORMS, INC.|MICROSOFT CORP|NVIDIA CORPORATION|TESLA, INC."
2025-04-17,9,AAPL|AMZN|AVGO|GOOG|GOOGL|META|MSFT|NVDA|TSLA,"APPLE INC.|AMAZON.COM INC|BROADCOM INC.|ALPHABET CL C CAP|ALPHABET CL A CMN|META PLATFORMS, INC.|MICROSOFT CORP|NVIDIA CORPORATION|TESLA, INC."
2025-04-21,9,AAPL|AMZN|AVGO|GOOG|GOOGL|META|MSFT|NVDA|TSLA,"APPLE INC.|AMAZON.COM INC|BROADCOM INC.|ALPHABET CL C CAP|ALPHABET CL A CMN|META PLATFORMS, INC.|MICROSOFT CORP|NVIDIA CORPORATION|TESLA, INC."
2025-04-22,9,AAPL|AMZN|AVGO|GOOG|GOOGL|META|MSFT|NVDA|TSLA,"APPLE INC.|AMAZON.COM INC|BROADCOM INC.|ALPHABET CL C CAP|ALPHABET CL A CMN|META PLATFORMS, INC.|MICROSOFT CORP|NVIDIA CORPORATION|TESLA, INC."
2025-04-23,9,AAPL|AMZN|AVGO|GOOG|GOOGL|META|MSFT|NVDA|TSLA,"APPLE INC.|AMAZON.COM INC|BROADCOM INC.|ALPHABET CL C CAP|ALPHABET CL A CMN|META PLATFORMS, INC.|MICROSOFT CORP|NVIDIA CORPORATION|TESLA, INC."
2025-04-24,9,AAPL|AMZN|AVGO|GOOG|GOOGL|META|MSFT|NVDA|TSLA,"APPLE INC.|AMAZON.COM INC|BROADCOM INC.|ALPHABET CL C CAP|ALPHABET CL A CMN|META PLATFORMS, INC.|MICROSOFT CORP|NVIDIA CORPORATION|TESLA, INC."
2025-04-25,9,AAPL|AMZN|AVGO|GOOG|GOOGL|META|MSFT|NVDA|TSLA,"APPLE INC.|AMAZON.COM INC|BROADCOM INC.|ALPHABET CL C CAP|ALPHABET CL A CMN|META PLATFORMS, INC.|MICROSOFT CORP|NVIDIA CORPORATION|TESLA, INC."
2025-04-28,9,AAPL|AMZN|AVGO|GOOG|GOOGL|META|MSFT|NVDA|TSLA,"APPLE INC.|AMAZON.COM INC|BROADCOM INC.|ALPHABET CL C CAP|ALPHABET CL A CMN|META PLATFORMS, INC.|MICROSOFT CORP|NVIDIA CORPORATION|TESLA, INC."
2025-04-29,9,AAPL|AMZN|AVGO|GOOG|GOOGL|META|MSFT|NVDA|TSLA,"APPLE INC.|AMAZON.COM INC|BROADCOM INC.|ALPHABET CL C CAP|ALPHABET CL A CMN|META PLATFORMS, INC.|MICROSOFT CORP|NVIDIA CORPORATION|TESLA, INC."
2025-04-30,9,AAPL|AMZN|AVGO|GOOG|GOOGL|META|MSFT|NVDA|TSLA,"APPLE INC.|AMAZON.COM INC|BROADCOM INC.|ALPHABET CL C CAP|ALPHABET CL A CMN|META PLATFORMS, INC.|MICROSOFT CORP|NVIDIA CORPORATION|TESLA, INC."
2025-05-01,9,AAPL|AMZN|AVGO|GOOG|GOOGL|META|MSFT|NVDA|TSLA,"APPLE INC.|AMAZON.COM INC|BROADCOM INC.|ALPHABET CL C CAP|ALPHABET CL A CMN|META PLATFORMS, INC.|MICROSOFT CORP|NVIDIA CORPORATION|TESLA, INC."
2025-05-02,9,AAPL|AMZN|AVGO|GOOG|GOOGL|META|MSFT|NVDA|TSLA,"APPLE INC.|AMAZON.COM INC|BROADCOM INC.|ALPHABET CL C CAP|ALPHABET CL A CMN|META PLATFORMS, INC.|MICROSOFT CORP|NVIDIA CORPORATION|TESLA, INC."
2025-05-05,9,AAPL|AMZN|AVGO|GOOG|GOOGL|META|MSFT|NVDA|TSLA,"APPLE INC.|AMAZON.COM INC|BROADCOM INC.|ALPHABET CL C CAP|ALPHABET CL A CMN|META PLATFORMS, INC.|MICROSOFT CORP|NVIDIA CORPORATION|TESLA, INC."
2025-05-06,9,AAPL|AMZN|AVGO|GOOG|GOOGL|META|MSFT|NVDA|TSLA,"APPLE INC.|AMAZON.COM INC|BROADCOM INC.|ALPHABET CL C CAP|ALPHABET CL A CMN|META PLATFORMS, INC.|MICROSOFT CORP|NVIDIA CORPORATION|TESLA, INC."
2025-05-07,9,AAPL|AMZN|AVGO|GOOG|GOOGL|META|MSFT|NVDA|TSLA,"APPLE INC.|AMAZON.COM INC|BROADCOM INC.|ALPHABET CL C CAP|ALPHABET CL A CMN|META PLATFORMS, INC.|MICROSOFT CORP|NVIDIA CORPORATION|TESLA, INC."
2025-05-08,9,AAPL|AMZN|AVGO|GOOG|GOOGL|META|MSFT|NVDA|TSLA,"APPLE INC.|AMAZON.COM INC|BROADCOM INC.|ALPHABET CL C CAP|ALPHABET CL A CMN|META PLATFORMS, INC.|MICROSOFT CORP|NVIDIA CORPORATION|TESLA, INC."
2025-05-09,9,AAPL|AMZN|AVGO|GOOG|GOOGL|META|MSFT|NVDA|TSLA,"APPLE INC.|AMAZON.COM INC|BROADCOM INC.|ALPHABET CL C CAP|ALPHABET CL A CMN|META PLATFORMS, INC.|MICROSOFT CORP|NVIDIA CORPORATION|TESLA, INC."
2025-05-12,9,AAPL|AMZN|AVGO|GOOG|GOOGL|META|MSFT|NVDA|TSLA,"APPLE INC.|AMAZON.COM INC|BROADCOM INC.|ALPHABET CL C CAP|ALPHABET CL A CMN|META PLATFORMS, INC.|MICROSOFT CORP|NVIDIA CORPORATION|TESLA, INC."
2025-05-13,9,AAPL|AMZN|AVGO|GOOG|GOOGL|META|MSFT|NVDA|TSLA,"APPLE INC.|AMAZON.COM INC|BROADCOM INC.|ALPHABET CL C CAP|ALPHABET CL A CMN|META PLATFORMS, INC.|MICROSOFT CORP|NVIDIA CORPORATION|TESLA, INC."
2025-05-14,9,AAPL|AMZN|AVGO|GOOG|GOOGL|META|MSFT|NVDA|TSLA,"APPLE INC.|AMAZON.COM INC|BROADCOM INC.|ALPHABET CL C CAP|ALPHABET CL A CMN|META PLATFORMS, INC.|MICROSOFT CORP|NVIDIA CORPORATION|TESLA, INC."
2025-05-15,9,AAPL|AMZN|AVGO|GOOG|GOOGL|META|MSFT|NVDA|TSLA,"APPLE INC.|AMAZON.COM INC|BROADCOM INC.|ALPHABET CL C CAP|ALPHABET CL A CMN|META PLATFORMS, INC.|MICROSOFT CORP|NVIDIA CORPORATION|TESLA, INC."
2025-05-16,9,AAPL|AMZN|AVGO|GOOG|GOOGL|META|MSFT|NVDA|TSLA,"APPLE INC.|AMAZON.COM INC|BROADCOM INC.|ALPHABET CL C CAP|ALPHABET CL A CMN|META PLATFORMS, INC.|MICROSOFT CORP|NVIDIA CORPORATION|TESLA, INC."
2025-05-19,9,AAPL|AMZN|AVGO|GOOG|GOOGL|META|MSFT|NVDA|TSLA,"APPLE INC.|AMAZON.COM INC|BROADCOM INC.|ALPHABET CL C CAP|ALPHABET CL A CMN|META PLATFORMS, INC.|MICROSOFT CORP|NVIDIA CORPORATION|TESLA, INC."
2025-05-20,9,AAPL|AMZN|AVGO|GOOG|GOOGL|META|MSFT|NVDA|TSLA,"APPLE INC.|AMAZON.COM INC|BROADCOM INC.|ALPHABET CL C CAP|ALPHABET CL A CMN|META PLATFORMS, INC.|MICROSOFT CORP|NVIDIA CORPORATION|TESLA, INC."
2025-05-21,9,AAPL|AMZN|AVGO|GOOG|GOOGL|META|MSFT|NVDA|TSLA,"APPLE INC.|AMAZON.COM INC|BROADCOM INC.|ALPHABET CL C CAP|ALPHABET CL A CMN|META PLATFORMS, INC.|MICROSOFT CORP|NVIDIA CORPORATION|TESLA, INC."
2025-05-22,9,AAPL|AMZN|AVGO|GOOG|GOOGL|META|MSFT|NVDA|TSLA,"APPLE INC.|AMAZON.COM INC|BROADCOM INC.|ALPHABET CL C CAP|ALPHABET CL A CMN|META PLATFORMS, INC.|MICROSOFT CORP|NVIDIA CORPORATION|TESLA, INC."
2025-05-23,9,AAPL|AMZN|AVGO|GOOG|GOOGL|META|MSFT|NVDA|TSLA,"APPLE INC.|AMAZON.COM INC|BROADCOM INC.|ALPHABET CL C CAP|ALPHABET CL A CMN|META PLATFORMS, INC.|MICROSOFT CORP|NVIDIA CORPORATION|TESLA, INC."
2025-05-27,9,AAPL|AMZN|AVGO|GOOG|GOOGL|META|MSFT|NVDA|TSLA,"APPLE INC.|AMAZON.COM INC|BROADCOM INC.|ALPHABET CL C CAP|ALPHABET CL A CMN|META PLATFORMS, INC.|MICROSOFT CORP|NVIDIA CORPORATION|TESLA, INC."
2025-05-28,9,AAPL|AMZN|AVGO|GOOG|GOOGL|META|MSFT|NVDA|TSLA,"APPLE INC.|AMAZON.COM INC|BROADCOM INC.|ALPHABET CL C CAP|ALPHABET CL A CMN|META PLATFORMS, INC.|MICROSOFT CORP|NVIDIA CORPORATION|TESLA, INC."
2025-05-29,9,AAPL|AMZN|AVGO|GOOG|GOOGL|META|MSFT|NVDA|TSLA,"APPLE INC.|AMAZON.COM INC|BROADCOM INC.|ALPHABET CL C CAP|ALPHABET CL A CMN|META PLATFORMS, INC.|MICROSOFT CORP|NVIDIA CORPORATION|TESLA, INC."
2025-05-30,9,AAPL|AMZN|AVGO|GOOG|GOOGL|META|MSFT|NVDA|TSLA,"APPLE INC.|AMAZON.COM INC|BROADCOM INC.|ALPHABET CL C CAP|ALPHABET CL A CMN|META PLATFORMS, INC.|MICROSOFT CORP|NVIDIA CORPORATION|TESLA, INC."
2025-06-02,9,AAPL|AMZN|AVGO|GOOG|GOOGL|META|MSFT|NVDA|TSLA,"APPLE INC.|AMAZON.COM INC|BROADCOM INC.|ALPHABET CL C CAP|ALPHABET CL A CMN|META PLATFORMS, INC.|MICROSOFT CORP|NVIDIA CORPORATION|TESLA, INC."
2025-06-03,9,AAPL|AMZN|AVGO|GOOG|GOOGL|META|MSFT|NVDA|TSLA,"APPLE INC.|AMAZON.COM INC|BROADCOM INC.|ALPHABET CL C CAP|ALPHABET CL A CMN|META PLATFORMS, INC.|MICROSOFT CORP|NVIDIA CORPORATION|TESLA, INC."
2025-06-04,9,AAPL|AMZN|AVGO|GOOG|GOOGL|META|MSFT|NVDA|TSLA,"APPLE INC.|AMAZON.COM INC|BROADCOM INC.|ALPHABET CL C CAP|ALPHABET CL A CMN|META PLATFORMS, INC.|MICROSOFT CORP|NVIDIA CORPORATION|TESLA, INC."
2025-06-05,9,AAPL|AMZN|AVGO|GOOG|GOOGL|META|MSFT|NVDA|TSLA,"APPLE INC.|AMAZON.COM INC|BROADCOM INC.|ALPHABET CL C CAP|ALPHABET CL A CMN|META PLATFORMS, INC.|MICROSOFT CORP|NVIDIA CORPORATION|TESLA, INC."
2025-06-06,9,AAPL|AMZN|AVGO|GOOG|GOOGL|META|MSFT|NVDA|TSLA,"APPLE INC.|AMAZON.COM INC|BROADCOM INC.|ALPHABET CL C CAP|ALPHABET CL A CMN|META PLATFORMS, INC.|MICROSOFT CORP|NVIDIA CORPORATION|TESLA, INC."
2025-06-09,9,AAPL|AMZN|AVGO|GOOG|GOOGL|META|MSFT|NVDA|TSLA,"APPLE INC.|AMAZON.COM INC|BROADCOM INC.|ALPHABET CL C CAP|ALPHABET CL A CMN|META PLATFORMS, INC.|MICROSOFT CORP|NVIDIA CORPORATION|TESLA, INC."
2025-06-10,9,AAPL|AMZN|AVGO|GOOG|GOOGL|META|MSFT|NVDA|TSLA,"APPLE INC.|AMAZON.COM INC|BROADCOM INC.|ALPHABET CL C CAP|ALPHABET CL A CMN|META PLATFORMS, INC.|MICROSOFT CORP|NVIDIA CORPORATION|TESLA, INC."
2025-06-11,9,AAPL|AMZN|AVGO|GOOG|GOOGL|META|MSFT|NVDA|TSLA,"APPLE INC.|AMAZON.COM INC|BROADCOM INC.|ALPHABET CL C CAP|ALPHABET CL A CMN|META PLATFORMS, INC.|MICROSOFT CORP|NVIDIA CORPORATION|TESLA, INC."
2025-06-12,9,AAPL|AMZN|AVGO|GOOG|GOOGL|META|MSFT|NVDA|TSLA,"APPLE INC.|AMAZON.COM INC|BROADCOM INC.|ALPHABET CL C CAP|ALPHABET CL A CMN|META PLATFORMS, INC.|MICROSOFT CORP|NVIDIA CORPORATION|TESLA, INC."
2025-06-13,9,AAPL|AMZN|AVGO|GOOG|GOOGL|META|MSFT|NVDA|TSLA,"APPLE INC.|AMAZON.COM INC|BROADCOM INC.|ALPHABET CL C CAP|ALPHABET CL A CMN|META PLATFORMS, INC.|MICROSOFT CORP|NVIDIA CORPORATION|TESLA, INC."
2025-06-16,9,AAPL|AMZN|AVGO|GOOG|GOOGL|META|MSFT|NVDA|TSLA,"APPLE INC.|AMAZON.COM INC|BROADCOM INC.|ALPHABET CL C CAP|ALPHABET CL A CMN|META PLATFORMS, INC.|MICROSOFT CORP|NVIDIA CORPORATION|TESLA, INC."
2025-06-17,9,AAPL|AMZN|AVGO|GOOG|GOOGL|META|MSFT|NVDA|TSLA,"APPLE INC.|AMAZON.COM INC|BROADCOM INC.|ALPHABET CL C CAP|ALPHABET CL A CMN|META PLATFORMS, INC.|MICROSOFT CORP|NVIDIA CORPORATION|TESLA, INC."
2025-06-18,9,AAPL|AMZN|AVGO|GOOG|GOOGL|META|MSFT|NVDA|TSLA,"APPLE INC.|AMAZON.COM INC|BROADCOM INC.|ALPHABET CL C CAP|ALPHABET CL A CMN|META PLATFORMS, INC.|MICROSOFT CORP|NVIDIA CORPORATION|TESLA, INC."
2025-06-20,9,AAPL|AMZN|AVGO|GOOG|GOOGL|META|MSFT|NVDA|TSLA,"APPLE INC.|AMAZON.COM INC|BROADCOM INC.|ALPHABET CL C CAP|ALPHABET CL A CMN|META PLATFORMS, INC.|MICROSOFT CORP|NVIDIA CORPORATION|TESLA, INC."
2025-06-23,9,AAPL|AMZN|AVGO|GOOG|GOOGL|META|MSFT|NVDA|TSLA,"APPLE INC.|AMAZON.COM INC|BROADCOM INC.|ALPHABET CL C CAP|ALPHABET CL A CMN|META PLATFORMS, INC.|MICROSOFT CORP|NVIDIA CORPORATION|TESLA, INC."
2025-06-24,9,AAPL|AMZN|AVGO|GOOG|GOOGL|META|MSFT|NVDA|TSLA,"APPLE INC.|AMAZON.COM INC|BROADCOM INC.|ALPHABET CL C CAP|ALPHABET CL A CMN|META PLATFORMS, INC.|MICROSOFT CORP|NVIDIA CORPORATION|TESLA, INC."
2025-06-25,9,AAPL|AMZN|AVGO|GOOG|GOOGL|META|MSFT|NVDA|TSLA,"APPLE INC.|AMAZON.COM INC|BROADCOM INC.|ALPHABET CL C CAP|ALPHABET CL A CMN|META PLATFORMS, INC.|MICROSOFT CORP|NVIDIA CORPORATION|TESLA, INC."
2025-06-26,9,AAPL|AMZN|AVGO|GOOG|GOOGL|META|MSFT|NVDA|TSLA,"APPLE INC.|AMAZON.COM INC|BROADCOM INC.|ALPHABET CL C CAP|ALPHABET CL A CMN|META PLATFORMS, INC.|MICROSOFT CORP|NVIDIA CORPORATION|TESLA, INC."
2025-06-27,9,AAPL|AMZN|AVGO|GOOG|GOOGL|META|MSFT|NVDA|TSLA,"APPLE INC.|AMAZON.COM INC|BROADCOM INC.|ALPHABET CL C CAP|ALPHABET CL A CMN|META PLATFORMS, INC.|MICROSOFT CORP|NVIDIA CORPORATION|TESLA, INC."
2025-06-30,9,AAPL|AMZN|AVGO|GOOG|GOOGL|META|MSFT|NVDA|TSLA,"APPLE INC.|AMAZON.COM INC|BROADCOM INC.|ALPHABET CL C CAP|ALPHABET CL A CMN|META PLATFORMS, INC.|MICROSOFT CORP|NVIDIA CORPORATION|TESLA, INC."
2025-07-01,9,AAPL|AMZN|AVGO|GOOG|GOOGL|META|MSFT|NVDA|TSLA,"APPLE INC.|AMAZON.COM INC|BROADCOM INC.|ALPHABET CL C CAP|ALPHABET CL A CMN|META PLATFORMS, INC.|MICROSOFT CORP|NVIDIA CORPORATION|TESLA, INC."
2025-07-02,9,AAPL|AMZN|AVGO|GOOG|GOOGL|META|MSFT|NVDA|TSLA,"APPLE INC.|AMAZON.COM INC|BROADCOM INC.|ALPHABET CL C CAP|ALPHABET CL A CMN|META PLATFORMS, INC.|MICROSOFT CORP|NVIDIA CORPORATION|TESLA, INC."
2025-07-03,9,AAPL|AMZN|AVGO|GOOG|GOOGL|META|MSFT|NVDA|TSLA,"APPLE INC.|AMAZON.COM INC|BROADCOM INC.|ALPHABET CL C CAP|ALPHABET CL A CMN|META PLATFORMS, INC.|MICROSOFT CORP|NVIDIA CORPORATION|TESLA, INC."
2025-07-07,9,AAPL|AMZN|AVGO|GOOG|GOOGL|META|MSFT|NVDA|TSLA,"APPLE INC.|AMAZON.COM INC|BROADCOM INC.|ALPHABET CL C CAP|ALPHABET CL A CMN|META PLATFORMS, INC.|MICROSOFT CORP|NVIDIA CORPORATION|TESLA, INC."
2025-07-08,9,AAPL|AMZN|AVGO|GOOG|GOOGL|META|MSFT|NVDA|TSLA,"APPLE INC.|AMAZON.COM INC|BROADCOM INC.|ALPHABET CL C CAP|ALPHABET CL A CMN|META PLATFORMS, INC.|MICROSOFT CORP|NVIDIA CORPORATION|TESLA, INC."
2025-07-09,9,AAPL|AMZN|AVGO|GOOG|GOOGL|META|MSFT|NVDA|TSLA,"APPLE INC.|AMAZON.COM INC|BROADCOM INC.|ALPHABET CL C CAP|ALPHABET CL A CMN|META PLATFORMS, INC.|MICROSOFT CORP|NVIDIA CORPORATION|TESLA, INC."
2025-07-10,9,AAPL|AMZN|AVGO|GOOG|GOOGL|META|MSFT|NVDA|TSLA,"APPLE INC.|AMAZON.COM INC|BROADCOM INC.|ALPHABET CL C CAP|ALPHABET CL A CMN|META PLATFORMS, INC.|MICROSOFT CORP|NVIDIA CORPORATION|TESLA, INC."
2025-07-11,9,AAPL|AMZN|AVGO|GOOG|GOOGL|META|MSFT|NVDA|TSLA,"APPLE INC.|AMAZON.COM INC|BROADCOM INC.|ALPHABET CL C CAP|ALPHABET CL A CMN|META PLATFORMS, INC.|MICROSOFT CORP|NVIDIA CORPORATION|TESLA, INC."
2025-07-14,9,AAPL|AMZN|AVGO|GOOG|GOOGL|META|MSFT|NVDA|TSLA,"APPLE INC.|AMAZON.COM INC|BROADCOM INC.|ALPHABET CL C CAP|ALPHABET CL A CMN|META PLATFORMS, INC.|MICROSOFT CORP|NVIDIA CORPORATION|TESLA, INC."
2025-07-15,9,AAPL|AMZN|AVGO|GOOG|GOOGL|META|MSFT|NVDA|TSLA,"APPLE INC.|AMAZON.COM INC|BROADCOM INC.|ALPHABET CL C CAP|ALPHABET CL A CMN|META PLATFORMS, INC.|MICROSOFT CORP|NVIDIA CORPORATION|TESLA, INC."
2025-07-16,9,AAPL|AMZN|AVGO|GOOG|GOOGL|META|MSFT|NVDA|TSLA,"APPLE INC.|AMAZON.COM INC|BROADCOM INC.|ALPHABET CL C CAP|ALPHABET CL A CMN|META PLATFORMS, INC.|MICROSOFT CORP|NVIDIA CORPORATION|TESLA, INC."
2025-07-17,9,AAPL|AMZN|AVGO|GOOG|GOOGL|META|MSFT|NVDA|TSLA,"APPLE INC.|AMAZON.COM INC|BROADCOM INC.|ALPHABET CL C CAP|ALPHABET CL A CMN|META PLATFORMS, INC.|MICROSOFT CORP|NVIDIA CORPORATION|TESLA, INC."
2025-07-18,9,AAPL|AMZN|AVGO|GOOG|GOOGL|META|MSFT|NVDA|TSLA,"APPLE INC.|AMAZON.COM INC|BROADCOM INC.|ALPHABET CL C CAP|ALPHABET CL A CMN|META PLATFORMS, INC.|MICROSOFT CORP|NVIDIA CORPORATION|TESLA, INC."
2025-07-21,9,AAPL|AMZN|AVGO|GOOG|GOOGL|META|MSFT|NVDA|TSLA,"APPLE INC.|AMAZON.COM INC|BROADCOM INC.|ALPHABET CL C CAP|ALPHABET CL A CMN|META PLATFORMS, INC.|MICROSOFT CORP|NVIDIA CORPORATION|TESLA, INC."
2025-07-22,9,AAPL|AMZN|AVGO|GOOG|GOOGL|META|MSFT|NVDA|TSLA,"APPLE INC.|AMAZON.COM INC|BROADCOM INC.|ALPHABET CL C CAP|ALPHABET CL A CMN|META PLATFORMS, INC.|MICROSOFT CORP|NVIDIA CORPORATION|TESLA, INC."
2025-07-23,9,AAPL|AMZN|AVGO|GOOG|GOOGL|META|MSFT|NVDA|TSLA,"APPLE INC.|AMAZON.COM INC|BROADCOM INC.|ALPHABET CL C CAP|ALPHABET CL A CMN|META PLATFORMS, INC.|MICROSOFT CORP|NVIDIA CORPORATION|TESLA, INC."
2025-07-24,9,AAPL|AMZN|AVGO|GOOG|GOOGL|META|MSFT|NVDA|TSLA,"APPLE INC.|AMAZON.COM INC|BROADCOM INC.|ALPHABET CL C CAP|ALPHABET CL A CMN|META PLATFORMS, INC.|MICROSOFT CORP|NVIDIA CORPORATION|TESLA, INC."
2025-07-25,9,AAPL|AMZN|AVGO|GOOG|GOOGL|META|MSFT|NVDA|TSLA,"APPLE INC.|AMAZON.COM INC|BROADCOM INC.|ALPHABET CL C CAP|ALPHABET CL A CMN|META PLATFORMS, INC.|MICROSOFT CORP|NVIDIA CORPORATION|TESLA, INC."
2025-07-28,9,AAPL|AMZN|AVGO|GOOG|GOOGL|META|MSFT|NVDA|TSLA,"APPLE INC.|AMAZON.COM INC|BROADCOM INC.|ALPHABET CL C CAP|ALPHABET CL A CMN|META PLATFORMS, INC.|MICROSOFT CORP|NVIDIA CORPORATION|TESLA, INC."
2025-07-29,9,AAPL|AMZN|AVGO|GOOG|GOOGL|META|MSFT|NVDA|TSLA,"APPLE INC.|AMAZON.COM INC|BROADCOM INC.|ALPHABET CL C CAP|ALPHABET CL A CMN|META PLATFORMS, INC.|MICROSOFT CORP|NVIDIA CORPORATION|TESLA, INC."
2025-07-30,9,AAPL|AMZN|AVGO|GOOG|GOOGL|META|MSFT|NVDA|TSLA,"APPLE INC.|AMAZON.COM INC|BROADCOM INC.|ALPHABET CL C CAP|ALPHABET CL A CMN|META PLATFORMS, INC.|MICROSOFT CORP|NVIDIA CORPORATION|TESLA, INC."
2025-07-31,9,AAPL|AMZN|AVGO|GOOG|GOOGL|META|MSFT|NVDA|TSLA,"APPLE INC.|AMAZON.COM INC|BROADCOM INC.|ALPHABET CL C CAP|ALPHABET CL A CMN|META PLATFORMS, INC.|MICROSOFT CORP|NVIDIA CORPORATION|TESLA, INC."
2025-08-01,9,AAPL|AMZN|AVGO|GOOG|GOOGL|META|MSFT|NVDA|TSLA,"APPLE INC.|AMAZON.COM INC|BROADCOM INC.|ALPHABET CL C CAP|ALPHABET CL A CMN|META PLATFORMS, INC.|MICROSOFT CORP|NVIDIA CORPORATION|TESLA, INC."
2025-08-04,9,AAPL|AMZN|AVGO|GOOG|GOOGL|META|MSFT|NVDA|TSLA,"APPLE INC.|AMAZON.COM INC|BROADCOM INC.|ALPHABET CL C CAP|ALPHABET CL A CMN|META PLATFORMS, INC.|MICROSOFT CORP|NVIDIA CORPORATION|TESLA, INC."
2025-08-05,9,AAPL|AMZN|AVGO|GOOG|GOOGL|META|MSFT|NVDA|TSLA,"APPLE INC.|AMAZON.COM INC|BROADCOM INC.|ALPHABET CL C CAP|ALPHABET CL A CMN|META PLATFORMS, INC.|MICROSOFT CORP|NVIDIA CORPORATION|TESLA, INC."
2025-08-06,9,AAPL|AMZN|AVGO|GOOG|GOOGL|META|MSFT|NVDA|TSLA,"APPLE INC.|AMAZON.COM INC|BROADCOM INC.|ALPHABET CL C CAP|ALPHABET CL A CMN|META PLATFORMS, INC.|MICROSOFT CORP|NVIDIA CORPORATION|TESLA, INC."
2025-08-07,9,AAPL|AMZN|AVGO|GOOG|GOOGL|META|MSFT|NVDA|TSLA,"APPLE INC.|AMAZON.COM INC|BROADCOM INC.|ALPHABET CL C CAP|ALPHABET CL A CMN|META PLATFORMS, INC.|MICROSOFT CORP|NVIDIA CORPORATION|TESLA, INC."
2025-08-08,9,AAPL|AMZN|AVGO|GOOG|GOOGL|META|MSFT|NVDA|TSLA,"APPLE INC.|AMAZON.COM INC|BROADCOM INC.|ALPHABET CL C CAP|ALPHABET CL A CMN|META PLATFORMS, INC.|MICROSOFT CORP|NVIDIA CORPORATION|TESLA, INC."
2025-08-11,9,AAPL|AMZN|AVGO|GOOG|GOOGL|META|MSFT|NVDA|TSLA,"APPLE INC.|AMAZON.COM INC|BROADCOM INC.|ALPHABET CL C CAP|ALPHABET CL A CMN|META PLATFORMS, INC.|MICROSOFT CORP|NVIDIA CORPORATION|TESLA, INC."
2025-08-12,9,AAPL|AMZN|AVGO|GOOG|GOOGL|META|MSFT|NVDA|TSLA,"APPLE INC.|AMAZON.COM INC|BROADCOM INC.|ALPHABET CL C CAP|ALPHABET CL A CMN|META PLATFORMS, INC.|MICROSOFT CORP|NVIDIA CORPORATION|TESLA, INC."
2025-08-13,9,AAPL|AMZN|AVGO|GOOG|GOOGL|META|MSFT|NVDA|TSLA,"APPLE INC.|AMAZON.COM INC|BROADCOM INC.|ALPHABET CL C CAP|ALPHABET CL A CMN|META PLATFORMS, INC.|MICROSOFT CORP|NVIDIA CORPORATION|TESLA, INC."
2025-08-14,9,AAPL|AMZN|AVGO|GOOG|GOOGL|META|MSFT|NVDA|TSLA,"APPLE INC.|AMAZON.COM INC|BROADCOM INC.|ALPHABET CL C CAP|ALPHABET CL A CMN|META PLATFORMS, INC.|MICROSOFT CORP|NVIDIA CORPORATION|TESLA, INC."
2025-08-15,9,AAPL|AMZN|AVGO|GOOG|GOOGL|META|MSFT|NVDA|TSLA,"APPLE INC.|AMAZON.COM INC|BROADCOM INC.|ALPHABET CL C CAP|ALPHABET CL A CMN|META PLATFORMS, INC.|MICROSOFT CORP|NVIDIA CORPORATION|TESLA, INC."
2025-08-18,9,AAPL|AMZN|AVGO|GOOG|GOOGL|META|MSFT|NVDA|TSLA,"APPLE INC.|AMAZON.COM INC|BROADCOM INC.|ALPHABET CL C CAP|ALPHABET CL A CMN|META PLATFORMS, INC.|MICROSOFT CORP|NVIDIA CORPORATION|TESLA, INC."
2025-08-19,9,AAPL|AMZN|AVGO|GOOG|GOOGL|META|MSFT|NVDA|TSLA,"APPLE INC.|AMAZON.COM INC|BROADCOM INC.|ALPHABET CL C CAP|ALPHABET CL A CMN|META PLATFORMS, INC.|MICROSOFT CORP|NVIDIA CORPORATION|TESLA, INC."
2025-08-20,9,AAPL|AMZN|AVGO|GOOG|GOOGL|META|MSFT|NVDA|TSLA,"APPLE INC.|AMAZON.COM INC|BROADCOM INC.|ALPHABET CL C CAP|ALPHABET CL A CMN|META PLATFORMS, INC.|MICROSOFT CORP|NVIDIA CORPORATION|TESLA, INC."
2025-08-21,9,AAPL|AMZN|AVGO|GOOG|GOOGL|META|MSFT|NVDA|TSLA,"APPLE INC.|AMAZON.COM INC|BROADCOM INC.|ALPHABET CL C CAP|ALPHABET CL A CMN|META PLATFORMS, INC.|MICROSOFT CORP|NVIDIA CORPORATION|TESLA, INC."
2025-08-22,9,AAPL|AMZN|AVGO|GOOG|GOOGL|META|MSFT|NVDA|TSLA,"APPLE INC.|AMAZON.COM INC|BROADCOM INC.|ALPHABET CL C CAP|ALPHABET CL A CMN|META PLATFORMS, INC.|MICROSOFT CORP|NVIDIA CORPORATION|TESLA, INC."
2025-08-25,9,AAPL|AMZN|AVGO|GOOG|GOOGL|META|MSFT|NVDA|TSLA,"APPLE INC.|AMAZON.COM INC|BROADCOM INC.|ALPHABET CL C CAP|ALPHABET CL A CMN|META PLATFORMS, INC.|MICROSOFT CORP|NVIDIA CORPORATION|TESLA, INC."
2025-08-26,9,AAPL|AMZN|AVGO|GOOG|GOOGL|META|MSFT|NVDA|TSLA,"APPLE INC.|AMAZON.COM INC|BROADCOM INC.|ALPHABET CL C CAP|ALPHABET CL A CMN|META PLATFORMS, INC.|MICROSOFT CORP|NVIDIA CORPORATION|TESLA, INC."
2025-08-27,9,AAPL|AMZN|AVGO|GOOG|GOOGL|META|MSFT|NVDA|TSLA,"APPLE INC.|AMAZON.COM INC|BROADCOM INC.|ALPHABET CL C CAP|ALPHABET CL A CMN|META PLATFORMS, INC.|MICROSOFT CORP|NVIDIA CORPORATION|TESLA, INC."
2025-08-28,9,AAPL|AMZN|AVGO|GOOG|GOOGL|META|MSFT|NVDA|TSLA,"APPLE INC.|AMAZON.COM INC|BROADCOM INC.|ALPHABET CL C CAP|ALPHABET CL A CMN|META PLATFORMS, INC.|MICROSOFT CORP|NVIDIA CORPORATION|TESLA, INC."
2025-08-29,9,AAPL|AMZN|AVGO|GOOG|GOOGL|META|MSFT|NVDA|TSLA,"APPLE INC.|AMAZON.COM INC|BROADCOM INC.|ALPHABET CL C CAP|ALPHABET CL A CMN|META PLATFORMS, INC.|MICROSOFT CORP|NVIDIA CORPORATION|TESLA, INC."
2025-09-02,9,AAPL|AMZN|AVGO|GOOG|GOOGL|META|MSFT|NVDA|TSLA,"APPLE INC.|AMAZON.COM INC|BROADCOM INC.|ALPHABET CL C CAP|ALPHABET CL A CMN|META PLATFORMS, INC.|MICROSOFT CORP|NVIDIA CORPORATION|TESLA, INC."
2025-09-03,9,AAPL|AMZN|AVGO|GOOG|GOOGL|META|MSFT|NVDA|TSLA,"APPLE INC.|AMAZON.COM INC|BROADCOM INC.|ALPHABET CL C CAP|ALPHABET CL A CMN|META PLATFORMS, INC.|MICROSOFT CORP|NVIDIA CORPORATION|TESLA, INC."
2025-09-04,9,AAPL|AMZN|AVGO|GOOG|GOOGL|META|MSFT|NVDA|TSLA,"APPLE INC.|AMAZON.COM INC|BROADCOM INC.|ALPHABET CL C CAP|ALPHABET CL A CMN|META PLATFORMS, INC.|MICROSOFT CORP|NVIDIA CORPORATION|TESLA, INC."
2025-09-05,9,AAPL|AMZN|AVGO|GOOG|GOOGL|META|MSFT|NVDA|TSLA,"APPLE INC.|AMAZON.COM INC|BROADCOM INC.|ALPHABET CL C CAP|ALPHABET CL A CMN|META PLATFORMS, INC.|MICROSOFT CORP|NVIDIA CORPORATION|TESLA, INC."
2025-09-08,9,AAPL|AMZN|AVGO|GOOG|GOOGL|META|MSFT|NVDA|TSLA,"APPLE INC.|AMAZON.COM INC|BROADCOM INC.|ALPHABET CL C CAP|ALPHABET CL A CMN|META PLATFORMS, INC.|MICROSOFT CORP|NVIDIA CORPORATION|TESLA, INC."
2025-09-09,9,AAPL|AMZN|AVGO|GOOG|GOOGL|META|MSFT|NVDA|TSLA,"APPLE INC.|AMAZON.COM INC|BROADCOM INC.|ALPHABET CL C CAP|ALPHABET CL A CMN|META PLATFORMS, INC.|MICROSOFT CORP|NVIDIA CORPORATION|TESLA, INC."
2025-09-10,9,AAPL|AMZN|AVGO|GOOG|GOOGL|META|MSFT|NVDA|TSLA,"APPLE INC.|AMAZON.COM INC|BROADCOM INC.|ALPHABET CL C CAP|ALPHABET CL A CMN|META PLATFORMS, INC.|MICROSOFT CORP|NVIDIA CORPORATION|TESLA, INC."
2025-09-11,9,AAPL|AMZN|AVGO|GOOG|GOOGL|META|MSFT|NVDA|TSLA,"APPLE INC.|AMAZON.COM INC|BROADCOM INC.|ALPHABET CL C CAP|ALPHABET CL A CMN|META PLATFORMS, INC.|MICROSOFT CORP|NVIDIA CORPORATION|TESLA, INC."
2025-09-12,9,AAPL|AMZN|AVGO|GOOG|GOOGL|META|MSFT|NVDA|TSLA,"APPLE INC.|AMAZON.COM INC|BROADCOM INC.|ALPHABET CL C CAP|ALPHABET CL A CMN|META PLATFORMS, INC.|MICROSOFT CORP|NVIDIA CORPORATION|TESLA, INC."
2025-09-15,9,AAPL|AMZN|AVGO|GOOG|GOOGL|META|MSFT|NVDA|TSLA,"APPLE INC.|AMAZON.COM INC|BROADCOM INC.|ALPHABET CL C CAP|ALPHABET CL A CMN|META PLATFORMS, INC.|MICROSOFT CORP|NVIDIA CORPORATION|TESLA, INC."
2025-09-16,9,AAPL|AMZN|AVGO|GOOG|GOOGL|META|MSFT|NVDA|TSLA,"APPLE INC.|AMAZON.COM INC|BROADCOM INC.|ALPHABET CL C CAP|ALPHABET CL A CMN|META PLATFORMS, INC.|MICROSOFT CORP|NVIDIA CORPORATION|TESLA, INC."
2025-09-17,9,AAPL|AMZN|AVGO|GOOG|GOOGL|META|MSFT|NVDA|TSLA,"APPLE INC.|AMAZON.COM INC|BROADCOM INC.|ALPHABET CL C CAP|ALPHABET CL A CMN|META PLATFORMS, INC.|MICROSOFT CORP|NVIDIA CORPORATION|TESLA, INC."
2025-09-18,9,AAPL|AMZN|AVGO|GOOG|GOOGL|META|MSFT|NVDA|TSLA,"APPLE INC.|AMAZON.COM INC|BROADCOM INC.|ALPHABET CL C CAP|ALPHABET CL A CMN|META PLATFORMS, INC.|MICROSOFT CORP|NVIDIA CORPORATION|TESLA, INC."
2025-09-19,9,AAPL|AMZN|AVGO|GOOG|GOOGL|META|MSFT|NVDA|TSLA,"APPLE INC.|AMAZON.COM INC|BROADCOM INC.|ALPHABET CL C CAP|ALPHABET CL A CMN|META PLATFORMS, INC.|MICROSOFT CORP|NVIDIA CORPORATION|TESLA, INC."
2025-09-22,9,AAPL|AMZN|AVGO|GOOG|GOOGL|META|MSFT|NFLX|NVDA,"APPLE INC.|AMAZON.COM INC|BROADCOM INC.|ALPHABET CL C CAP|ALPHABET CL A CMN|META PLATFORMS, INC.|MICROSOFT CORP|NETFLIX, INC.|NVIDIA CORPORATION"
2025-09-23,9,AAPL|AMZN|AVGO|GOOG|GOOGL|META|MSFT|NFLX|NVDA,"APPLE INC.|AMAZON.COM INC|BROADCOM INC.|ALPHABET CL C CAP|ALPHABET CL A CMN|META PLATFORMS, INC.|MICROSOFT CORP|NETFLIX, INC.|NVIDIA CORPORATION"
2025-09-24,9,AAPL|AMZN|AVGO|GOOG|GOOGL|META|MSFT|NFLX|NVDA,"APPLE INC.|AMAZON.COM INC|BROADCOM INC.|ALPHABET CL C CAP|ALPHABET CL A CMN|META PLATFORMS, INC.|MICROSOFT CORP|NETFLIX, INC.|NVIDIA CORPORATION"
2025-09-25,9,AAPL|AMZN|AVGO|GOOG|GOOGL|META|MSFT|NFLX|NVDA,"APPLE INC.|AMAZON.COM INC|BROADCOM INC.|ALPHABET CL C CAP|ALPHABET CL A CMN|META PLATFORMS, INC.|MICROSOFT CORP|NETFLIX, INC.|NVIDIA CORPORATION"
2025-09-26,9,AAPL|AMZN|AVGO|GOOG|GOOGL|META|MSFT|NFLX|NVDA,"APPLE INC.|AMAZON.COM INC|BROADCOM INC.|ALPHABET CL C CAP|ALPHABET CL A CMN|META PLATFORMS, INC.|MICROSOFT CORP|NETFLIX, INC.|NVIDIA CORPORATION"
2025-09-29,9,AAPL|AMZN|AVGO|GOOG|GOOGL|META|MSFT|NFLX|NVDA,"APPLE INC.|AMAZON.COM INC|BROADCOM INC.|ALPHABET CL C CAP|ALPHABET CL A CMN|META PLATFORMS, INC.|MICROSOFT CORP|NETFLIX, INC.|NVIDIA CORPORATION"
2025-09-30,9,AAPL|AMZN|AVGO|GOOG|GOOGL|META|MSFT|NFLX|NVDA,"APPLE INC.|AMAZON.COM INC|BROADCOM INC.|ALPHABET CL C CAP|ALPHABET CL A CMN|META PLATFORMS, INC.|MICROSOFT CORP|NETFLIX, INC.|NVIDIA CORPORATION"
2025-10-01,9,AAPL|AMZN|AVGO|GOOG|GOOGL|META|MSFT|NFLX|NVDA,"APPLE INC.|AMAZON.COM INC|BROADCOM INC.|ALPHABET CL C CAP|ALPHABET CL A CMN|META PLATFORMS, INC.|MICROSOFT CORP|NETFLIX, INC.|NVIDIA CORPORATION"
2025-10-02,9,AAPL|AMZN|AVGO|GOOG|GOOGL|META|MSFT|NFLX|NVDA,"APPLE INC.|AMAZON.COM INC|BROADCOM INC.|ALPHABET CL C CAP|ALPHABET CL A CMN|META PLATFORMS, INC.|MICROSOFT CORP|NETFLIX, INC.|NVIDIA CORPORATION"
2025-10-03,9,AAPL|AMZN|AVGO|GOOG|GOOGL|META|MSFT|NFLX|NVDA,"APPLE INC.|AMAZON.COM INC|BROADCOM INC.|ALPHABET CL C CAP|ALPHABET CL A CMN|META PLATFORMS, INC.|MICROSOFT CORP|NETFLIX, INC.|NVIDIA CORPORATION"
2025-10-06,9,AAPL|AMZN|AVGO|GOOG|GOOGL|META|MSFT|NFLX|NVDA,"APPLE INC.|AMAZON.COM INC|BROADCOM INC.|ALPHABET CL C CAP|ALPHABET CL A CMN|META PLATFORMS, INC.|MICROSOFT CORP|NETFLIX, INC.|NVIDIA CORPORATION"
2025-10-07,9,AAPL|AMZN|AVGO|GOOG|GOOGL|META|MSFT|NFLX|NVDA,"APPLE INC.|AMAZON.COM INC|BROADCOM INC.|ALPHABET CL C CAP|ALPHABET CL A CMN|META PLATFORMS, INC.|MICROSOFT CORP|NETFLIX, INC.|NVIDIA CORPORATION"
2025-10-08,9,AAPL|AMZN|AVGO|GOOG|GOOGL|META|MSFT|NFLX|NVDA,"APPLE INC.|AMAZON.COM INC|BROADCOM INC.|ALPHABET CL C CAP|ALPHABET CL A CMN|META PLATFORMS, INC.|MICROSOFT CORP|NETFLIX, INC.|NVIDIA CORPORATION"
2025-10-09,9,AAPL|AMZN|AVGO|GOOG|GOOGL|META|MSFT|NFLX|NVDA,"APPLE INC.|AMAZON.COM INC|BROADCOM INC.|ALPHABET CL C CAP|ALPHABET CL A CMN|META PLATFORMS, INC.|MICROSOFT CORP|NETFLIX, INC.|NVIDIA CORPORATION"
2025-10-10,9,AAPL|AMZN|AVGO|GOOG|GOOGL|META|MSFT|NFLX|NVDA,"APPLE INC.|AMAZON.COM INC|BROADCOM INC.|ALPHABET CL C CAP|ALPHABET CL A CMN|META PLATFORMS, INC.|MICROSOFT CORP|NETFLIX, INC.|NVIDIA CORPORATION"
2025-10-13,9,AAPL|AMZN|AVGO|GOOG|GOOGL|META|MSFT|NFLX|NVDA,"APPLE INC.|AMAZON.COM INC|BROADCOM INC.|ALPHABET CL C CAP|ALPHABET CL A CMN|META PLATFORMS, INC.|MICROSOFT CORP|NETFLIX, INC.|NVIDIA CORPORATION"
2025-10-14,9,AAPL|AMZN|AVGO|GOOG|GOOGL|META|MSFT|NFLX|NVDA,"APPLE INC.|AMAZON.COM INC|BROADCOM INC.|ALPHABET CL C CAP|ALPHABET CL A CMN|META PLATFORMS, INC.|MICROSOFT CORP|NETFLIX, INC.|NVIDIA CORPORATION"
2025-10-15,9,AAPL|AMZN|AVGO|GOOG|GOOGL|META|MSFT|NFLX|NVDA,"APPLE INC.|AMAZON.COM INC|BROADCOM INC.|ALPHABET CL C CAP|ALPHABET CL A CMN|META PLATFORMS, INC.|MICROSOFT CORP|NETFLIX, INC.|NVIDIA CORPORATION"
2025-10-16,9,AAPL|AMZN|AVGO|GOOG|GOOGL|META|MSFT|NFLX|NVDA,"APPLE INC.|AMAZON.COM INC|BROADCOM INC.|ALPHABET CL C CAP|ALPHABET CL A CMN|META PLATFORMS, INC.|MICROSOFT CORP|NETFLIX, INC.|NVIDIA CORPORATION"
2025-10-17,9,AAPL|AMZN|AVGO|GOOG|GOOGL|META|MSFT|NFLX|NVDA,"APPLE INC.|AMAZON.COM INC|BROADCOM INC.|ALPHABET CL C CAP|ALPHABET CL A CMN|META PLATFORMS, INC.|MICROSOFT CORP|NETFLIX, INC.|NVIDIA CORPORATION"
2025-10-20,9,AAPL|AMZN|AVGO|GOOG|GOOGL|META|MSFT|NFLX|NVDA,"APPLE INC.|AMAZON.COM INC|BROADCOM INC.|ALPHABET CL C CAP|ALPHABET CL A CMN|META PLATFORMS, INC.|MICROSOFT CORP|NETFLIX, INC.|NVIDIA CORPORATION"
2025-10-21,9,AAPL|AMZN|AVGO|GOOG|GOOGL|META|MSFT|NFLX|NVDA,"APPLE INC.|AMAZON.COM INC|BROADCOM INC.|ALPHABET CL C CAP|ALPHABET CL A CMN|META PLATFORMS, INC.|MICROSOFT CORP|NETFLIX, INC.|NVIDIA CORPORATION"
2025-10-22,9,AAPL|AMZN|AVGO|GOOG|GOOGL|META|MSFT|NFLX|NVDA,"APPLE INC.|AMAZON.COM INC|BROADCOM INC.|ALPHABET CL C CAP|ALPHABET CL A CMN|META PLATFORMS, INC.|MICROSOFT CORP|NETFLIX, INC.|NVIDIA CORPORATION"
2025-10-23,9,AAPL|AMZN|AVGO|GOOG|GOOGL|META|MSFT|NFLX|NVDA,"APPLE INC.|AMAZON.COM INC|BROADCOM INC.|ALPHABET CL C CAP|ALPHABET CL A CMN|META PLATFORMS, INC.|MICROSOFT CORP|NETFLIX, INC.|NVIDIA CORPORATION"
2025-10-24,9,AAPL|AMZN|AVGO|GOOG|GOOGL|META|MSFT|NFLX|NVDA,"APPLE INC.|AMAZON.COM INC|BROADCOM INC.|ALPHABET CL C CAP|ALPHABET CL A CMN|META PLATFORMS, INC.|MICROSOFT CORP|NETFLIX, INC.|NVIDIA CORPORATION"
2025-10-27,9,AAPL|AMZN|AVGO|GOOG|GOOGL|META|MSFT|NFLX|NVDA,"APPLE INC.|AMAZON.COM INC|BROADCOM INC.|ALPHABET CL C CAP|ALPHABET CL A CMN|META PLATFORMS, INC.|MICROSOFT CORP|NETFLIX, INC.|NVIDIA CORPORATION"
2025-10-28,9,AAPL|AMZN|AVGO|GOOG|GOOGL|META|MSFT|NFLX|NVDA,"APPLE INC.|AMAZON.COM INC|BROADCOM INC.|ALPHABET CL C CAP|ALPHABET CL A CMN|META PLATFORMS, INC.|MICROSOFT CORP|NETFLIX, INC.|NVIDIA CORPORATION"
2025-10-29,9,AAPL|AMZN|AVGO|GOOG|GOOGL|META|MSFT|NFLX|NVDA,"APPLE INC.|AMAZON.COM INC|BROADCOM INC.|ALPHABET CL C CAP|ALPHABET CL A CMN|META PLATFORMS, INC.|MICROSOFT CORP|NETFLIX, INC.|NVIDIA CORPORATION"
2025-10-30,9,AAPL|AMZN|AVGO|GOOG|GOOGL|META|MSFT|NFLX|NVDA,"APPLE INC.|AMAZON.COM INC|BROADCOM INC.|ALPHABET CL C CAP|ALPHABET CL A CMN|META PLATFORMS, INC.|MICROSOFT CORP|NETFLIX, INC.|NVIDIA CORPORATION"
2025-10-31,9,AAPL|AMZN|AVGO|GOOG|GOOGL|META|MSFT|NFLX|NVDA,"APPLE INC.|AMAZON.COM INC|BROADCOM INC.|ALPHABET CL C CAP|ALPHABET CL A CMN|META PLATFORMS, INC.|MICROSOFT CORP|NETFLIX, INC.|NVIDIA CORPORATION"
2025-11-03,9,AAPL|AMZN|AVGO|GOOG|GOOGL|META|MSFT|NFLX|NVDA,"APPLE INC.|AMAZON.COM INC|BROADCOM INC.|ALPHABET CL C CAP|ALPHABET CL A CMN|META PLATFORMS, INC.|MICROSOFT CORP|NETFLIX, INC.|NVIDIA CORPORATION"
2025-11-04,9,AAPL|AMZN|AVGO|GOOG|GOOGL|META|MSFT|NFLX|NVDA,"APPLE INC.|AMAZON.COM INC|BROADCOM INC.|ALPHABET CL C CAP|ALPHABET CL A CMN|META PLATFORMS, INC.|MICROSOFT CORP|NETFLIX, INC.|NVIDIA CORPORATION"
2025-11-05,9,AAPL|AMZN|AVGO|GOOG|GOOGL|META|MSFT|NFLX|NVDA,"APPLE INC.|AMAZON.COM INC|BROADCOM INC.|ALPHABET CL C CAP|ALPHABET CL A CMN|META PLATFORMS, INC.|MICROSOFT CORP|NETFLIX, INC.|NVIDIA CORPORATION"
2025-11-06,9,AAPL|AMZN|AVGO|GOOG|GOOGL|META|MSFT|NFLX|NVDA,"APPLE INC.|AMAZON.COM INC|BROADCOM INC.|ALPHABET CL C CAP|ALPHABET CL A CMN|META PLATFORMS, INC.|MICROSOFT CORP|NETFLIX, INC.|NVIDIA CORPORATION"
2025-11-07,9,AAPL|AMZN|AVGO|GOOG|GOOGL|META|MSFT|NFLX|NVDA,"APPLE INC.|AMAZON.COM INC|BROADCOM INC.|ALPHABET CL C CAP|ALPHABET CL A CMN|META PLATFORMS, INC.|MICROSOFT CORP|NETFLIX, INC.|NVIDIA CORPORATION"
2025-11-10,9,AAPL|AMZN|AVGO|GOOG|GOOGL|META|MSFT|NFLX|NVDA,"APPLE INC.|AMAZON.COM INC|BROADCOM INC.|ALPHABET CL C CAP|ALPHABET CL A CMN|META PLATFORMS, INC.|MICROSOFT CORP|NETFLIX, INC.|NVIDIA CORPORATION"
2025-11-11,9,AAPL|AMZN|AVGO|GOOG|GOOGL|META|MSFT|NFLX|NVDA,"APPLE INC.|AMAZON.COM INC|BROADCOM INC.|ALPHABET CL C CAP|ALPHABET CL A CMN|META PLATFORMS, INC.|MICROSOFT CORP|NETFLIX, INC.|NVIDIA CORPORATION"
2025-11-12,9,AAPL|AMZN|AVGO|GOOG|GOOGL|META|MSFT|NFLX|NVDA,"APPLE INC.|AMAZON.COM INC|BROADCOM INC.|ALPHABET CL C CAP|ALPHABET CL A CMN|META PLATFORMS, INC.|MICROSOFT CORP|NETFLIX, INC.|NVIDIA CORPORATION"
2025-11-13,9,AAPL|AMZN|AVGO|GOOG|GOOGL|META|MSFT|NFLX|NVDA,"APPLE INC.|AMAZON.COM INC|BROADCOM INC.|ALPHABET CL C CAP|ALPHABET CL A CMN|META PLATFORMS, INC.|MICROSOFT CORP|NETFLIX, INC.|NVIDIA CORPORATION"
2025-11-14,9,AAPL|AMZN|AVGO|GOOG|GOOGL|META|MSFT|NFLX|NVDA,"APPLE INC.|AMAZON.COM INC|BROADCOM INC.|ALPHABET CL C CAP|ALPHABET CL A CMN|META PLATFORMS, INC.|MICROSOFT CORP|NETFLIX, INC.|NVIDIA CORPORATION"
2025-11-17,9,AAPL|AMZN|AVGO|GOOG|GOOGL|META|MSFT|NFLX|NVDA,"APPLE INC.|AMAZON.COM INC|BROADCOM INC.|ALPHABET CL C CAP|ALPHABET CL A CMN|META PLATFORMS, INC.|MICROSOFT CORP|NETFLIX, INC.|NVIDIA CORPORATION"
2025-11-18,9,AAPL|AMZN|AVGO|GOOG|GOOGL|META|MSFT|NFLX|NVDA,"APPLE INC.|AMAZON.COM INC|BROADCOM INC.|ALPHABET CL C CAP|ALPHABET CL A CMN|META PLATFORMS, INC.|MICROSOFT CORP|NETFLIX, INC.|NVIDIA CORPORATION"
2025-11-19,9,AAPL|AMZN|AVGO|GOOG|GOOGL|META|MSFT|NFLX|NVDA,"APPLE INC.|AMAZON.COM INC|BROADCOM INC.|ALPHABET CL C CAP|ALPHABET CL A CMN|META PLATFORMS, INC.|MICROSOFT CORP|NETFLIX, INC.|NVIDIA CORPORATION"
2025-11-20,9,AAPL|AMZN|AVGO|GOOG|GOOGL|META|MSFT|NFLX|NVDA,"APPLE INC.|AMAZON.COM INC|BROADCOM INC.|ALPHABET CL C CAP|ALPHABET CL A CMN|META PLATFORMS, INC.|MICROSOFT CORP|NETFLIX, INC.|NVIDIA CORPORATION"
2025-11-21,9,AAPL|AMZN|AVGO|GOOG|GOOGL|META|MSFT|NFLX|NVDA,"APPLE INC.|AMAZON.COM INC|BROADCOM INC.|ALPHABET CL C CAP|ALPHABET CL A CMN|META PLATFORMS, INC.|MICROSOFT CORP|NETFLIX, INC.|NVIDIA CORPORATION"
2025-11-24,9,AAPL|AMZN|AVGO|GOOG|GOOGL|META|MSFT|NFLX|NVDA,"APPLE INC.|AMAZON.COM INC|BROADCOM INC.|ALPHABET CL C CAP|ALPHABET CL A CMN|META PLATFORMS, INC.|MICROSOFT CORP|NETFLIX, INC.|NVIDIA CORPORATION"
2025-11-25,9,AAPL|AMZN|AVGO|GOOG|GOOGL|META|MSFT|NFLX|NVDA,"APPLE INC.|AMAZON.COM INC|BROADCOM INC.|ALPHABET CL C CAP|ALPHABET CL A CMN|META PLATFORMS, INC.|MICROSOFT CORP|NETFLIX, INC.|NVIDIA CORPORATION"
2025-11-26,9,AAPL|AMZN|AVGO|GOOG|GOOGL|META|MSFT|NFLX|NVDA,"APPLE INC.|AMAZON.COM INC|BROADCOM INC.|ALPHABET CL C CAP|ALPHABET CL A CMN|META PLATFORMS, INC.|MICROSOFT CORP|NETFLIX, INC.|NVIDIA CORPORATION"
2025-11-28,9,AAPL|AMZN|AVGO|GOOG|GOOGL|META|MSFT|NFLX|NVDA,"APPLE INC.|AMAZON.COM INC|BROADCOM INC.|ALPHABET CL C CAP|ALPHABET CL A CMN|META PLATFORMS, INC.|MICROSOFT CORP|NETFLIX, INC.|NVIDIA CORPORATION"
2025-12-01,9,AAPL|AMZN|AVGO|GOOG|GOOGL|META|MSFT|NFLX|NVDA,"APPLE INC.|AMAZON.COM INC|BROADCOM INC.|ALPHABET CL C CAP|ALPHABET CL A CMN|META PLATFORMS, INC.|MICROSOFT CORP|NETFLIX, INC.|NVIDIA CORPORATION"
2025-12-02,9,AAPL|AMZN|AVGO|GOOG|GOOGL|META|MSFT|NFLX|NVDA,"APPLE INC.|AMAZON.COM INC|BROADCOM INC.|ALPHABET CL C CAP|ALPHABET CL A CMN|META PLATFORMS, INC.|MICROSOFT CORP|NETFLIX, INC.|NVIDIA CORPORATION"
2025-12-03,9,AAPL|AMZN|AVGO|GOOG|GOOGL|META|MSFT|NFLX|NVDA,"APPLE INC.|AMAZON.COM INC|BROADCOM INC.|ALPHABET CL C CAP|ALPHABET CL A CMN|META PLATFORMS, INC.|MICROSOFT CORP|NETFLIX, INC.|NVIDIA CORPORATION"
2025-12-04,9,AAPL|AMZN|AVGO|GOOG|GOOGL|META|MSFT|NFLX|NVDA,"APPLE INC.|AMAZON.COM INC|BROADCOM INC.|ALPHABET CL C CAP|ALPHABET CL A CMN|META PLATFORMS, INC.|MICROSOFT CORP|NETFLIX, INC.|NVIDIA CORPORATION"
2025-12-05,9,AAPL|AMZN|AVGO|GOOG|GOOGL|META|MSFT|NFLX|NVDA,"APPLE INC.|AMAZON.COM INC|BROADCOM INC.|ALPHABET CL C CAP|ALPHABET CL A CMN|META PLATFORMS, INC.|MICROSOFT CORP|NETFLIX, INC.|NVIDIA CORPORATION"
2025-12-08,9,AAPL|AMZN|AVGO|GOOG|GOOGL|META|MSFT|NFLX|NVDA,"APPLE INC.|AMAZON.COM INC|BROADCOM INC.|ALPHABET CL C CAP|ALPHABET CL A CMN|META PLATFORMS, INC.|MICROSOFT CORP|NETFLIX, INC.|NVIDIA CORPORATION"
2025-12-09,9,AAPL|AMZN|AVGO|GOOG|GOOGL|META|MSFT|NFLX|NVDA,"APPLE INC.|AMAZON.COM INC|BROADCOM INC.|ALPHABET CL C CAP|ALPHABET CL A CMN|META PLATFORMS, INC.|MICROSOFT CORP|NETFLIX, INC.|NVIDIA CORPORATION"
2025-12-10,9,AAPL|AMZN|AVGO|GOOG|GOOGL|META|MSFT|NFLX|NVDA,"APPLE INC.|AMAZON.COM INC|BROADCOM INC.|ALPHABET CL C CAP|ALPHABET CL A CMN|META PLATFORMS, INC.|MICROSOFT CORP|NETFLIX, INC.|NVIDIA CORPORATION"
2025-12-11,9,AAPL|AMZN|AVGO|GOOG|GOOGL|META|MSFT|NFLX|NVDA,"APPLE INC.|AMAZON.COM INC|BROADCOM INC.|ALPHABET CL C CAP|ALPHABET CL A CMN|META PLATFORMS, INC.|MICROSOFT CORP|NETFLIX, INC.|NVIDIA CORPORATION"
2025-12-12,9,AAPL|AMZN|AVGO|GOOG|GOOGL|META|MSFT|NFLX|NVDA,"APPLE INC.|AMAZON.COM INC|BROADCOM INC.|ALPHABET CL C CAP|ALPHABET CL A CMN|META PLATFORMS, INC.|MICROSOFT CORP|NETFLIX, INC.|NVIDIA CORPORATION"
2025-12-15,9,AAPL|AMZN|AVGO|GOOG|GOOGL|META|MSFT|NFLX|NVDA,"APPLE INC.|AMAZON.COM INC|BROADCOM INC.|ALPHABET CL C CAP|ALPHABET CL A CMN|META PLATFORMS, INC.|MICROSOFT CORP|NETFLIX, INC.|NVIDIA CORPORATION"
2025-12-16,9,AAPL|AMZN|AVGO|GOOG|GOOGL|META|MSFT|NFLX|NVDA,"APPLE INC.|AMAZON.COM INC|BROADCOM INC.|ALPHABET CL C CAP|ALPHABET CL A CMN|META PLATFORMS, INC.|MICROSOFT CORP|NETFLIX, INC.|NVIDIA CORPORATION"
2025-12-17,9,AAPL|AMZN|AVGO|GOOG|GOOGL|META|MSFT|NFLX|NVDA,"APPLE INC.|AMAZON.COM INC|BROADCOM INC.|ALPHABET CL C CAP|ALPHABET CL A CMN|META PLATFORMS, INC.|MICROSOFT CORP|NETFLIX, INC.|NVIDIA CORPORATION"
2025-12-18,9,AAPL|AMZN|AVGO|GOOG|GOOGL|META|MSFT|NFLX|NVDA,"APPLE INC.|AMAZON.COM INC|BROADCOM INC.|ALPHABET CL C CAP|ALPHABET CL A CMN|META PLATFORMS, INC.|MICROSOFT CORP|NETFLIX, INC.|NVIDIA CORPORATION"
2025-12-19,9,AAPL|AMZN|AVGO|GOOG|GOOGL|META|MSFT|NFLX|NVDA,"APPLE INC.|AMAZON.COM INC|BROADCOM INC.|ALPHABET CL C CAP|ALPHABET CL A CMN|META PLATFORMS, INC.|MICROSOFT CORP|NETFLIX, INC.|NVIDIA CORPORATION"
2025-12-22,8,AAPL|AMZN|AVGO|GOOG|GOOGL|MSFT|NVDA|TSLA,"APPLE INC.|AMAZON.COM INC|BROADCOM INC.|ALPHABET CL C CAP|ALPHABET CL A CMN|MICROSOFT CORP|NVIDIA CORPORATION|TESLA, INC."
2025-12-23,8,AAPL|AMZN|AVGO|GOOG|GOOGL|MSFT|NVDA|TSLA,"APPLE INC.|AMAZON.COM INC|BROADCOM INC.|ALPHABET CL C CAP|ALPHABET CL A CMN|MICROSOFT CORP|NVIDIA CORPORATION|TESLA, INC."
2025-12-24,8,AAPL|AMZN|AVGO|GOOG|GOOGL|MSFT|NVDA|TSLA,"APPLE INC.|AMAZON.COM INC|BROADCOM INC.|ALPHABET CL C CAP|ALPHABET CL A CMN|MICROSOFT CORP|NVIDIA CORPORATION|TESLA, INC."
2025-12-26,8,AAPL|AMZN|AVGO|GOOG|GOOGL|MSFT|NVDA|TSLA,"APPLE INC.|AMAZON.COM INC|BROADCOM INC.|ALPHABET CL C CAP|ALPHABET CL A CMN|MICROSOFT CORP|NVIDIA CORPORATION|TESLA, INC."
2025-12-29,8,AAPL|AMZN|AVGO|GOOG|GOOGL|MSFT|NVDA|TSLA,"APPLE INC.|AMAZON.COM INC|BROADCOM INC.|ALPHABET CL C CAP|ALPHABET CL A CMN|MICROSOFT CORP|NVIDIA CORPORATION|TESLA, INC."
2025-12-30,8,AAPL|AMZN|AVGO|GOOG|GOOGL|MSFT|NVDA|TSLA,"APPLE INC.|AMAZON.COM INC|BROADCOM INC.|ALPHABET CL C CAP|ALPHABET CL A CMN|MICROSOFT CORP|NVIDIA CORPORATION|TESLA, INC."
2025-12-31,8,AAPL|AMZN|AVGO|GOOG|GOOGL|MSFT|NVDA|TSLA,"APPLE INC.|AMAZON.COM INC|BROADCOM INC.|ALPHABET CL C CAP|ALPHABET CL A CMN|MICROSOFT CORP|NVIDIA CORPORATION|TESLA, INC."
2026-01-02,8,AAPL|AMZN|AVGO|GOOG|GOOGL|MSFT|NVDA|TSLA,"APPLE INC.|AMAZON.COM INC|BROADCOM INC.|ALPHABET CL C CAP|ALPHABET CL A CMN|MICROSOFT CORP|NVIDIA CORPORATION|TESLA, INC."
2026-01-05,8,AAPL|AMZN|AVGO|GOOG|GOOGL|MSFT|NVDA|TSLA,"APPLE INC.|AMAZON.COM INC|BROADCOM INC.|ALPHABET CL C CAP|ALPHABET CL A CMN|MICROSOFT CORP|NVIDIA CORPORATION|TESLA, INC."
2026-01-06,8,AAPL|AMZN|AVGO|GOOG|GOOGL|MSFT|NVDA|TSLA,"APPLE INC.|AMAZON.COM INC|BROADCOM INC.|ALPHABET CL C CAP|ALPHABET CL A CMN|MICROSOFT CORP|NVIDIA CORPORATION|TESLA, INC."
2026-01-07,8,AAPL|AMZN|AVGO|GOOG|GOOGL|MSFT|NVDA|TSLA,"APPLE INC.|AMAZON.COM INC|BROADCOM INC.|ALPHABET CL C CAP|ALPHABET CL A CMN|MICROSOFT CORP|NVIDIA CORPORATION|TESLA, INC."
2026-01-08,8,AAPL|AMZN|AVGO|GOOG|GOOGL|MSFT|NVDA|TSLA,"APPLE INC.|AMAZON.COM INC|BROADCOM INC.|ALPHABET CL C CAP|ALPHABET CL A CMN|MICROSOFT CORP|NVIDIA CORPORATION|TESLA, INC."
2026-01-09,8,AAPL|AMZN|AVGO|GOOG|GOOGL|MSFT|NVDA|TSLA,"APPLE INC.|AMAZON.COM INC|BROADCOM INC.|ALPHABET CL C CAP|ALPHABET CL A CMN|MICROSOFT CORP|NVIDIA CORPORATION|TESLA, INC."
2026-01-12,8,AAPL|AMZN|AVGO|GOOG|GOOGL|MSFT|NVDA|TSLA,"APPLE INC.|AMAZON.COM INC|BROADCOM INC.|ALPHABET CL C CAP|ALPHABET CL A CMN|MICROSOFT CORP|NVIDIA CORPORATION|TESLA, INC."
2026-01-13,8,AAPL|AMZN|AVGO|GOOG|GOOGL|MSFT|NVDA|TSLA,"APPLE INC.|AMAZON.COM INC|BROADCOM INC.|ALPHABET CL C CAP|ALPHABET CL A CMN|MICROSOFT CORP|NVIDIA CORPORATION|TESLA, INC."
2026-01-14,8,AAPL|AMZN|AVGO|GOOG|GOOGL|MSFT|NVDA|TSLA,"APPLE INC.|AMAZON.COM INC|BROADCOM INC.|ALPHABET CL C CAP|ALPHABET CL A CMN|MICROSOFT CORP|NVIDIA CORPORATION|TESLA, INC."
2026-01-15,8,AAPL|AMZN|AVGO|GOOG|GOOGL|MSFT|NVDA|TSLA,"APPLE INC.|AMAZON.COM INC|BROADCOM INC.|ALPHABET CL C CAP|ALPHABET CL A CMN|MICROSOFT CORP|NVIDIA CORPORATION|TESLA, INC."
2026-01-16,8,AAPL|AMZN|AVGO|GOOG|GOOGL|MSFT|NVDA|TSLA,"APPLE INC.|AMAZON.COM INC|BROADCOM INC.|ALPHABET CL C CAP|ALPHABET CL A CMN|MICROSOFT CORP|NVIDIA CORPORATION|TESLA, INC."
2026-01-20,8,AAPL|AMZN|AVGO|GOOG|GOOGL|MSFT|NVDA|TSLA,"APPLE INC.|AMAZON.COM INC|BROADCOM INC.|ALPHABET CL C CAP|ALPHABET CL A CMN|MICROSOFT CORP|NVIDIA CORPORATION|TESLA, INC."
2026-01-21,8,AAPL|AMZN|AVGO|GOOG|GOOGL|MSFT|NVDA|TSLA,"APPLE INC.|AMAZON.COM INC|BROADCOM INC.|ALPHABET CL C CAP|ALPHABET CL A CMN|MICROSOFT CORP|NVIDIA CORPORATION|TESLA, INC."
2026-01-22,8,AAPL|AMZN|AVGO|GOOG|GOOGL|MSFT|NVDA|TSLA,"APPLE INC.|AMAZON.COM INC|BROADCOM INC.|ALPHABET CL C CAP|ALPHABET CL A CMN|MICROSOFT CORP|NVIDIA CORPORATION|TESLA, INC."
2026-01-23,8,AAPL|AMZN|AVGO|GOOG|GOOGL|MSFT|NVDA|TSLA,"APPLE INC.|AMAZON.COM INC|BROADCOM INC.|ALPHABET CL C CAP|ALPHABET CL A CMN|MICROSOFT CORP|NVIDIA CORPORATION|TESLA, INC."
2026-01-26,8,AAPL|AMZN|AVGO|GOOG|GOOGL|MSFT|NVDA|TSLA,"APPLE INC.|AMAZON.COM INC|BROADCOM INC.|ALPHABET CL C CAP|ALPHABET CL A CMN|MICROSOFT CORP|NVIDIA CORPORATION|TESLA, INC."
2026-01-27,8,AAPL|AMZN|AVGO|GOOG|GOOGL|MSFT|NVDA|TSLA,"APPLE INC.|AMAZON.COM INC|BROADCOM INC.|ALPHABET CL C CAP|ALPHABET CL A CMN|MICROSOFT CORP|NVIDIA CORPORATION|TESLA, INC."
2026-01-28,8,AAPL|AMZN|AVGO|GOOG|GOOGL|MSFT|NVDA|TSLA,"APPLE INC.|AMAZON.COM INC|BROADCOM INC.|ALPHABET CL C CAP|ALPHABET CL A CMN|MICROSOFT CORP|NVIDIA CORPORATION|TESLA, INC."
2026-01-29,8,AAPL|AMZN|AVGO|GOOG|GOOGL|MSFT|NVDA|TSLA,"APPLE INC.|AMAZON.COM INC|BROADCOM INC.|ALPHABET CL C CAP|ALPHABET CL A CMN|MICROSOFT CORP|NVIDIA CORPORATION|TESLA, INC."
2026-01-30,8,AAPL|AMZN|AVGO|GOOG|GOOGL|MSFT|NVDA|TSLA,"APPLE INC.|AMAZON.COM INC|BROADCOM INC.|ALPHABET CL C CAP|ALPHABET CL A CMN|MICROSOFT CORP|NVIDIA CORPORATION|TESLA, INC."
2026-02-02,8,AAPL|AMZN|AVGO|GOOG|GOOGL|MSFT|NVDA|TSLA,"APPLE INC.|AMAZON.COM INC|BROADCOM INC.|ALPHABET CL C CAP|ALPHABET CL A CMN|MICROSOFT CORP|NVIDIA CORPORATION|TESLA, INC."
2026-02-03,8,AAPL|AMZN|AVGO|GOOG|GOOGL|MSFT|NVDA|TSLA,"APPLE INC.|AMAZON.COM INC|BROADCOM INC.|ALPHABET CL C CAP|ALPHABET CL A CMN|MICROSOFT CORP|NVIDIA CORPORATION|TESLA, INC."
2026-02-04,8,AAPL|AMZN|AVGO|GOOG|GOOGL|MSFT|NVDA|TSLA,"APPLE INC.|AMAZON.COM INC|BROADCOM INC.|ALPHABET CL C CAP|ALPHABET CL A CMN|MICROSOFT CORP|NVIDIA CORPORATION|TESLA, INC."
2026-02-05,8,AAPL|AMZN|AVGO|GOOG|GOOGL|MSFT|NVDA|TSLA,"APPLE INC.|AMAZON.COM INC|BROADCOM INC.|ALPHABET CL C CAP|ALPHABET CL A CMN|MICROSOFT CORP|NVIDIA CORPORATION|TESLA, INC."
2026-02-06,8,AAPL|AMZN|AVGO|GOOG|GOOGL|MSFT|NVDA|TSLA,"APPLE INC.|AMAZON.COM INC|BROADCOM INC.|ALPHABET CL C CAP|ALPHABET CL A CMN|MICROSOFT CORP|NVIDIA CORPORATION|TESLA, INC."
2026-02-09,8,AAPL|AMZN|AVGO|GOOG|GOOGL|MSFT|NVDA|TSLA,"APPLE INC.|AMAZON.COM INC|BROADCOM INC.|ALPHABET CL C CAP|ALPHABET CL A CMN|MICROSOFT CORP|NVIDIA CORPORATION|TESLA, INC."
2026-02-10,8,AAPL|AMZN|AVGO|GOOG|GOOGL|MSFT|NVDA|TSLA,"APPLE INC.|AMAZON.COM INC|BROADCOM INC.|ALPHABET CL C CAP|ALPHABET CL A CMN|MICROSOFT CORP|NVIDIA CORPORATION|TESLA, INC."
2026-02-11,8,AAPL|AMZN|AVGO|GOOG|GOOGL|MSFT|NVDA|TSLA,"APPLE INC.|AMAZON.COM INC|BROADCOM INC.|ALPHABET CL C CAP|ALPHABET CL A CMN|MICROSOFT CORP|NVIDIA CORPORATION|TESLA, INC."
2026-02-12,8,AAPL|AMZN|AVGO|GOOG|GOOGL|MSFT|NVDA|TSLA,"APPLE INC.|AMAZON.COM INC|BROADCOM INC.|ALPHABET CL C CAP|ALPHABET CL A CMN|MICROSOFT CORP|NVIDIA CORPORATION|TESLA, INC."
2026-02-13,8,AAPL|AMZN|AVGO|GOOG|GOOGL|MSFT|NVDA|TSLA,"APPLE INC.|AMAZON.COM INC|BROADCOM INC.|ALPHABET CL C CAP|ALPHABET CL A CMN|MICROSOFT CORP|NVIDIA CORPORATION|TESLA, INC."
2026-02-17,8,AAPL|AMZN|AVGO|GOOG|GOOGL|MSFT|NVDA|TSLA,"APPLE INC.|AMAZON.COM INC|BROADCOM INC.|ALPHABET CL C CAP|ALPHABET CL A CMN|MICROSOFT CORP|NVIDIA CORPORATION|TESLA, INC."
2026-02-18,8,AAPL|AMZN|AVGO|GOOG|GOOGL|MSFT|NVDA|TSLA,"APPLE INC.|AMAZON.COM INC|BROADCOM INC.|ALPHABET CL C CAP|ALPHABET CL A CMN|MICROSOFT CORP|NVIDIA CORPORATION|TESLA, INC."
2026-02-19,8,AAPL|AMZN|AVGO|GOOG|GOOGL|MSFT|NVDA|TSLA,"APPLE INC.|AMAZON.COM INC|BROADCOM INC.|ALPHABET CL C CAP|ALPHABET CL A CMN|MICROSOFT CORP|NVIDIA CORPORATION|TESLA, INC."
2026-02-20,8,AAPL|AMZN|AVGO|GOOG|GOOGL|MSFT|NVDA|TSLA,"APPLE INC.|AMAZON.COM INC|BROADCOM INC.|ALPHABET CL C CAP|ALPHABET CL A CMN|MICROSOFT CORP|NVIDIA CORPORATION|TESLA, INC."
2026-02-23,8,AAPL|AMZN|AVGO|GOOG|GOOGL|MSFT|NVDA|TSLA,"APPLE INC.|AMAZON.COM INC|BROADCOM INC.|ALPHABET CL C CAP|ALPHABET CL A CMN|MICROSOFT CORP|NVIDIA CORPORATION|TESLA, INC."
2026-02-24,8,AAPL|AMZN|AVGO|GOOG|GOOGL|MSFT|NVDA|TSLA,"APPLE INC.|AMAZON.COM INC|BROADCOM INC.|ALPHABET CL C CAP|ALPHABET CL A CMN|MICROSOFT CORP|NVIDIA CORPORATION|TESLA, INC."
2026-02-25,8,AAPL|AMZN|AVGO|GOOG|GOOGL|MSFT|NVDA|TSLA,"APPLE INC.|AMAZON.COM INC|BROADCOM INC.|ALPHABET CL C CAP|ALPHABET CL A CMN|MICROSOFT CORP|NVIDIA CORPORATION|TESLA, INC."
2026-02-26,8,AAPL|AMZN|AVGO|GOOG|GOOGL|MSFT|NVDA|TSLA,"APPLE INC.|AMAZON.COM INC|BROADCOM INC.|ALPHABET CL C CAP|ALPHABET CL A CMN|MICROSOFT CORP|NVIDIA CORPORATION|TESLA, INC."
2026-02-27,8,AAPL|AMZN|AVGO|GOOG|GOOGL|MSFT|NVDA|TSLA,"APPLE INC.|AMAZON.COM INC|BROADCOM INC.|ALPHABET CL C CAP|ALPHABET CL A CMN|MICROSOFT CORP|NVIDIA CORPORATION|TESLA, INC."
2026-03-02,8,AAPL|AMZN|AVGO|GOOG|GOOGL|MSFT|NVDA|TSLA,"APPLE INC.|AMAZON.COM INC|BROADCOM INC.|ALPHABET CL C CAP|ALPHABET CL A CMN|MICROSOFT CORP|NVIDIA CORPORATION|TESLA, INC."
2026-03-03,8,AAPL|AMZN|AVGO|GOOG|GOOGL|MSFT|NVDA|TSLA,"APPLE INC.|AMAZON.COM INC|BROADCOM INC.|ALPHABET CL C CAP|ALPHABET CL A CMN|MICROSOFT CORP|NVIDIA CORPORATION|TESLA, INC."
2026-03-04,8,AAPL|AMZN|AVGO|GOOG|GOOGL|MSFT|NVDA|TSLA,"APPLE INC.|AMAZON.COM INC|BROADCOM INC.|ALPHABET CL C CAP|ALPHABET CL A CMN|MICROSOFT CORP|NVIDIA CORPORATION|TESLA, INC."
2026-03-05,8,AAPL|AMZN|AVGO|GOOG|GOOGL|MSFT|NVDA|TSLA,"APPLE INC.|AMAZON.COM INC|BROADCOM INC.|ALPHABET CL C CAP|ALPHABET CL A CMN|MICROSOFT CORP|NVIDIA CORPORATION|TESLA, INC."
2026-03-06,8,AAPL|AMZN|AVGO|GOOG|GOOGL|MSFT|NVDA|TSLA,"APPLE INC.|AMAZON.COM INC|BROADCOM INC.|ALPHABET CL C CAP|ALPHABET CL A CMN|MICROSOFT CORP|NVIDIA CORPORATION|TESLA, INC."
2026-03-09,8,AAPL|AMZN|AVGO|GOOG|GOOGL|MSFT|NVDA|TSLA,"APPLE INC.|AMAZON.COM INC|BROADCOM INC.|ALPHABET CL C CAP|ALPHABET CL A CMN|MICROSOFT CORP|NVIDIA CORPORATION|TESLA, INC."
2026-03-10,8,AAPL|AMZN|AVGO|GOOG|GOOGL|MSFT|NVDA|TSLA,"APPLE INC.|AMAZON.COM INC|BROADCOM INC.|ALPHABET CL C CAP|ALPHABET CL A CMN|MICROSOFT CORP|NVIDIA CORPORATION|TESLA, INC."
2026-03-11,8,AAPL|AMZN|AVGO|GOOG|GOOGL|MSFT|NVDA|TSLA,"APPLE INC.|AMAZON.COM INC|BROADCOM INC.|ALPHABET CL C CAP|ALPHABET CL A CMN|MICROSOFT CORP|NVIDIA CORPORATION|TESLA, INC."
2026-03-12,8,AAPL|AMZN|AVGO|GOOG|GOOGL|MSFT|NVDA|TSLA,"APPLE INC.|AMAZON.COM INC|BROADCOM INC.|ALPHABET CL C CAP|ALPHABET CL A CMN|MICROSOFT CORP|NVIDIA CORPORATION|TESLA, INC."
2026-03-13,8,AAPL|AMZN|AVGO|GOOG|GOOGL|MSFT|NVDA|TSLA,"APPLE INC.|AMAZON.COM INC|BROADCOM INC.|ALPHABET CL C CAP|ALPHABET CL A CMN|MICROSOFT CORP|NVIDIA CORPORATION|TESLA, INC."
2026-03-16,8,AAPL|AMZN|AVGO|GOOG|GOOGL|MSFT|NVDA|TSLA,"APPLE INC.|AMAZON.COM INC|BROADCOM INC.|ALPHABET CL C CAP|ALPHABET CL A CMN|MICROSOFT CORP|NVIDIA CORPORATION|TESLA, INC."
2026-03-17,8,AAPL|AMZN|AVGO|GOOG|GOOGL|MSFT|NVDA|TSLA,"APPLE INC.|AMAZON.COM INC|BROADCOM INC.|ALPHABET CL C CAP|ALPHABET CL A CMN|MICROSOFT CORP|NVIDIA CORPORATION|TESLA, INC."
2026-03-18,8,AAPL|AMZN|AVGO|GOOG|GOOGL|MSFT|NVDA|TSLA,"APPLE INC.|AMAZON.COM INC|BROADCOM INC.|ALPHABET CL C CAP|ALPHABET CL A CMN|MICROSOFT CORP|NVIDIA CORPORATION|TESLA, INC."
2026-03-19,8,AAPL|AMZN|AVGO|GOOG|GOOGL|MSFT|NVDA|TSLA,"APPLE INC.|AMAZON.COM INC|BROADCOM INC.|ALPHABET CL C CAP|ALPHABET CL A CMN|MICROSOFT CORP|NVIDIA CORPORATION|TESLA, INC."
2026-03-20,8,AAPL|AMZN|AVGO|GOOG|GOOGL|MSFT|NVDA|TSLA,"APPLE INC.|AMAZON.COM INC|BROADCOM INC.|ALPHABET CL C CAP|ALPHABET CL A CMN|MICROSOFT CORP|NVIDIA CORPORATION|TESLA, INC."
2026-03-23,8,AAPL|AMZN|AVGO|GOOG|GOOGL|MSFT|NVDA|TSLA,"APPLE INC.|AMAZON.COM INC|BROADCOM INC.|ALPHABET CL C CAP|ALPHABET CL A CMN|MICROSOFT CORP|NVIDIA CORPORATION|TESLA, INC."
2026-03-24,8,AAPL|AMZN|AVGO|GOOG|GOOGL|MSFT|NVDA|TSLA,"APPLE INC.|AMAZON.COM INC|BROADCOM INC.|ALPHABET CL C CAP|ALPHABET CL A CMN|MICROSOFT CORP|NVIDIA CORPORATION|TESLA, INC."
2026-03-25,8,AAPL|AMZN|AVGO|GOOG|GOOGL|MSFT|NVDA|TSLA,"APPLE INC.|AMAZON.COM INC|BROADCOM INC.|ALPHABET CL C CAP|ALPHABET CL A CMN|MICROSOFT CORP|NVIDIA CORPORATION|TESLA, INC."
2026-03-26,8,AAPL|AMZN|AVGO|GOOG|GOOGL|MSFT|NVDA|TSLA,"APPLE INC.|AMAZON.COM INC|BROADCOM INC.|ALPHABET CL C CAP|ALPHABET CL A CMN|MICROSOFT CORP|NVIDIA CORPORATION|TESLA, INC."
2026-03-27,8,AAPL|AMZN|AVGO|GOOG|GOOGL|MSFT|NVDA|TSLA,"APPLE INC.|AMAZON.COM INC|BROADCOM INC.|ALPHABET CL C CAP|ALPHABET CL A CMN|MICROSOFT CORP|NVIDIA CORPORATION|TESLA, INC."
